Workbook

Sheet SAEB
A1: COD_IBGE | B1: NOM_MUN | C1: SAEB17_LP_5 | D1: SAEB17_MT_5 | E1: SAEB19_LP_5 | F1: SAEB19_MT_5 | G1: SAEB21_LP_5 | H1: SAEB21_MT_5 | I1: SAEB23_LP_5 | J1: SAEB23_MT_5
A2: 3101003 | B2: Águas Vermelhas | C2: 213.62 | D2: 219.48 | E2: 224.73 | F2: 238.65 | G2: 189.56 | H2: 196.52 | I2: 205.68 | J2: 214.12
A3: 3101102 | B3: Aimorés | C3: 220.05 | D3: 229.35 | E3: 224.19 | F3: 229.53 | G3: 208.12 | H3: 211.47 | I3: 215.43 | J3: 219.95
A4: 3101706 | B4: Almenara | C4: 192.82 | D4: 195.55 | E4: 190.15 | F4: 200.24 | G4: 191.34 | H4: 199.1 | I4: 195.77 | J4: 204.06
A5: 3101805 | B5: Alpercata | C5: 177.33 | D5: 189.95 | E5: 199.27 | F5: 211.38 | G5: 191.83 | H5: 205.35 | I5: 195.88 | J5: 198.73
A6: 3102852 | B6: Angelândia | C6: 205.97 | D6: 215.57 | E6: 214.58 | F6: 235.89 | G6: 181.85 | H6: 208.94 | I6: 215.01 | J6: 227.73
A7: 3103405 | B7: Araçuaí | C7: 201.51 | D7: 209.14 | E7: 195.62 | F7: 203.67 | G7: 180.92 | H7: 188.92 | I7: 196.17 | J7: 205.92
A8: 3104452 | B8: Aricanduva | C8: 222.21 | D8: 238.95 | E8: 228.01 | F8: 250.16 | G8: 197.66 | H8: 197.69 | I8: 211.63 | J8: 226.58
A9: 3104502 | B9: Arinos | C9: 200.62 | D9: 206.21 | E9: 204.26 | F9: 214.96 | G9: 186.49 | H9: 187.2 | I9: 203 | J9: 203.34
A10: 3104700 | B10: Ataléia | C10: 209.45 | D10: 210.48 | E10: 199.69 | F10: 209.27 | G10: 181.38 | H10: 190.36 | I10: 189.3 | J10: 206.4
A11: 3105202 | B11: Bandeira | C11: 221.48 | D11: 232.52 | E11: 202.24 | F11: 213.17 | G11: 191.48 | H11: 205.92 | I11: 211.02 | J11: 223.46
A12: 3106655 | B12: Berizal | C12: 215.55 | D12: 212.05 | E12: 209.84 | F12: 225.58 | G12: 202.18 | H12: 212.89 | I12: 209.71 | J12: 228.27
A13: 3107307 | B13: Bocaiúva | C13: 200.2 | D13: 211.93 | E13: 197.37 | F13: 207.88 | G13: 189.88 | H13: 204.9 | I13: 190.3 | J13: 203.13
... A189: 3171907 | B189: Virgolândia | C189: 221 | D189: 233.34 | E189: 200.75 | F189: 214.49 | G189: 196.58 | H189: 198.09 | I189: 222.66 | J189: 224.88

Sheet GASTO
A1: COD_ENTE | B1: COD_IBGE | C1: NOM_MUN | D1: NUM_ANO | E1: SIOPE_NOM | F1: SIOPE_CORR | G1: SICONFI_NOM | H1: SICONFI_CORR
A2: 310100 | B2: 3101003 | C2: Águas Vermelhas | D2: 2015 | E2: 7437.25 | F2: 11211.35 | G2: 6309.96 | H2: 9512.0125
A3: 310100 | B3: 3101003 | C3: Águas Vermelhas | D3: 2016 | E3: 7762.69 | F3: 11009.652 | G3: 9434.29 | H3: 13380.443
A4: 310100 | B4: 3101003 | C4: Águas Vermelhas | D4: 2017 | E4: 7678.3 | F4: 10578.18 | G4: 9783.25 | H4: 13478.113
A5: 310100 | B5: 3101003 | C5: Águas Vermelhas | D5: 2018 | E5: 9331.74 | F5: 12391.929 | G5: 10470.37 | H5: 13903.948
A6: 310100 | B6: 3101003 | C6: Águas Vermelhas | D6: 2019 | E6: 8769.95 | F6: 11165.122 | G6: 12178.48 | H6: 15504.562
A7: 310100 | B7: 3101003 | C7: Águas Vermelhas | D7: 2020 | E7: 9709.96 | F7: 11827.554 | G7: 8622.01 | H7: 10502.338
A8: 310100 | B8: 3101003 | C8: Águas Vermelhas | D8: 2021 | E8: 9960.77 | F8: 11023.945 | G8: 7249.96 | H8: 8023.7951
A9: 310100 | B9: 3101003 | C9: Águas Vermelhas | D9: 2022 | E9: 12979.18 | F9: 13578.973 | G9: 14113.27 | H9: 14765.471
A10: 310100 | B10: 3101003 | C10: Águas Vermelhas | D10: 2023 | E10: 14605.44 | F10: 14605.44 | G10: 19737.56 | H10: 19737.564
A11: 310100 | B11: 3101003 | C11: Águas Vermelhas | D11: 2024 | E11: 12322.2 | F11: 11754.325 | G11: 13900.33 | H11: 13259.722
A12: 310110 | B12: 3101102 | C12: Aimorés | D12: 2015 | E12: 5163.57 | F12: 7783.8706 | G12: 5042.91 | H12: 7601.9835
A13: 310110 | B13: 3101102 | C13: Aimorés | D13: 2016 | E13: 6444.05 | F13: 9139.454 | G13: 6853.61 | H13: 9720.3219
... A1881: 317190 | B1881: 3171907 | C1881: Virgolândia | D1881: 2024 | E1881: 17609.32 | F1881: 16797.786 | G1881: 21131.5 | H1881: 20157.646

Sheet INSE
A1: CO_MUNICIPIO | B1: NO_MUNICIPIO | C1: MD_INSE_2019 | D1: MD_INSE_2021 | E1: MD_INSE_2023
A2: 3137007 | B2: Ladainha | C2: 3.922 | D2: 3.98 | E2: 4.6678
A3: 3136959 | B3: Juvenília | C3: 4.0868 | D3: 4.02 | E3: 4.3757
A4: 3136801 | B4: Juramento | C4: 4.639 | D4: 4.64 | E4: 4.6037
A5: 3136553 | B5: José Raydan | C5: 4.6672 | D5: 4.52 | E5: 4.8764
A6: 3136405 | B6: Joaquim Felício | C6: 4.5982 | D6: 4.85 | E6: 4.6604
A7: 3136009 | B7: Joaíma | C7: 4.2055 | D7: 4.36 | E7: 4.4576
A8: 3135803 | B8: Jequitinhonha | C8: 4.1399 | D8: 4.15 | E8: 4.3474
A9: 3135357 | B9: Japonvar | C9: 4.4538 | D9: 4.3 | E9: 4.5505
A10: 3135209 | B10: Januária | C10: 4.1958 | D10: 4.47 | E10: 4.1741
A11: 3135100 | B11: Janaúba | C11: 4.3945 | D11: 4.56 | E11: 4.6463
A12: 3135050 | B12: Jaíba | C12: 4.3168 | D12: 4.56 | E12: 4.6303
A13: 3134707 | B13: Jacinto | C13: 4.4632 | D13: 4.44 | E13: 4.5792
... A189: 3171907 | B189: Virgolândia | C189: 4.5768 | D189: 4.56 | E189: 4.7649

Sheet MATRÍCULAS
A1: ano | B1: codigo_ibge | C1: NOM_MUNIC | D1: mat_urb_AI | E1: mat_urb_AF | F1: mat_rur_AI | G1: mat_rur_AF | H1: p_mat_urb_AI | I1: p_mat_urb_AF | J1: p_mat_rur_AI | K1: p_mat_rur_AF
A2: 2015 | B2: 3101003 | C2: =VLOOKUP(B2,SAEB!$A:$B,2,0) -> Águas Vermelhas | D2: 358 | E2: 0 | F2: 80 | G2: 0 | H2: =D2/SUM($D2:$G2)*100 -> 81.73516 | I2: =E2/SUM($D2:$G2)*100 -> 0 | J2: =F2/SUM($D2:$G2)*100 -> 18.26484 | K2: =G2/SUM($D2:$G2)*100 -> 0
A3: 2015 | B3: 3101102 | C3: =VLOOKUP(B3,SAEB!$A:$B,2,0) -> Aimorés | D3: 765 | E3: 459 | F3: 90 | G3: 0 | H3: =D3/SUM($D3:$G3)*100 -> 58.219178 | I3: =E3/SUM($D3:$G3)*100 -> 34.931507 | J3: =F3/SUM($D3:$G3)*100 -> 6.8493151 | K3: =G3/SUM($D3:$G3)*100 -> 0
A4: 2015 | B4: 3101706 | C4: =VLOOKUP(B4,SAEB!$A:$B,2,0) -> Almenara | D4: 2445 | E4: 725 | F4: 597 | G4: 312 | H4: =D4/SUM($D4:$G4)*100 -> 59.941162 | I4: =E4/SUM($D4:$G4)*100 -> 17.773964 | J4: =F4/SUM($D4:$G4)*100 -> 14.63594 | K4: =G4/SUM($D4:$G4)*100 -> 7.6489336
A5: 2015 | B5: 3101805 | C5: =VLOOKUP(B5,SAEB!$A:$B,2,0) -> Alpercata | D5: 451 | E5: 231 | F5: 83 | G5: 0 | H5: =D5/SUM($D5:$G5)*100 -> 58.954248 | I5: =E5/SUM($D5:$G5)*100 -> 30.196078 | J5: =F5/SUM($D5:$G5)*100 -> 10.849673 | K5: =G5/SUM($D5:$G5)*100 -> 0
A6: 2015 | B6: 3102852 | C6: =VLOOKUP(B6,SAEB!$A:$B,2,0) -> Angelândia | D6: 0 | E6: 0 | F6: 554 | G6: 0 | H6: =D6/SUM($D6:$G6)*100 -> 0 | I6: =E6/SUM($D6:$G6)*100 -> 0 | J6: =F6/SUM($D6:$G6)*100 -> 100 | K6: =G6/SUM($D6:$G6)*100 -> 0
A7: 2015 | B7: 3103405 | C7: =VLOOKUP(B7,SAEB!$A:$B,2,0) -> Araçuaí | D7: 314 | E7: 0 | F7: 482 | G7: 401 | H7: =D7/SUM($D7:$G7)*100 -> 26.232247 | I7: =E7/SUM($D7:$G7)*100 -> 0 | J7: =F7/SUM($D7:$G7)*100 -> 40.267335 | K7: =G7/SUM($D7:$G7)*100 -> 33.500418
A8: 2015 | B8: 3104452 | C8: =VLOOKUP(B8,SAEB!$A:$B,2,0) -> Aricanduva | D8: 211 | E8: 0 | F8: 66 | G8: 0 | H8: =D8/SUM($D8:$G8)*100 -> 76.173285 | I8: =E8/SUM($D8:$G8)*100 -> 0 | J8: =F8/SUM($D8:$G8)*100 -> 23.826715 | K8: =G8/SUM($D8:$G8)*100 -> 0
A9: 2015 | B9: 3104502 | C9: =VLOOKUP(B9,SAEB!$A:$B,2,0) -> Arinos | D9: 448 | E9: 0 | F9: 441 | G9: 266 | H9: =D9/SUM($D9:$G9)*100 -> 38.787879 | I9: =E9/SUM($D9:$G9)*100 -> 0 | J9: =F9/SUM($D9:$G9)*100 -> 38.181818 | K9: =G9/SUM($D9:$G9)*100 -> 23.030303
A10: 2015 | B10: 3104700 | C10: =VLOOKUP(B10,SAEB!$A:$B,2,0) -> Ataléia | D10: 221 | E10: 60 | F10: 253 | G10: 0 | H10: =D10/SUM($D10:$G10)*100 -> 41.385768 | I10: =E10/SUM($D10:$G10)*100 -> 11.235955 | J10: =F10/SUM($D10:$G10)*100 -> 47.378277 | K10: =G10/SUM($D10:$G10)*100 -> 0
A11: 2015 | B11: 3105202 | C11: =VLOOKUP(B11,SAEB!$A:$B,2,0) -> Bandeira | D11: 0 | E11: 0 | F11: 358 | G11: 73 | H11: =D11/SUM($D11:$G11)*100 -> 0 | I11: =E11/SUM($D11:$G11)*100 -> 0 | J11: =F11/SUM($D11:$G11)*100 -> 83.062645 | K11: =G11/SUM($D11:$G11)*100 -> 16.937355
A12: 2015 | B12: 3106655 | C12: =VLOOKUP(B12,SAEB!$A:$B,2,0) -> Berizal | D12: 249 | E12: 0 | F12: 29 | G12: 0 | H12: =D12/SUM($D12:$G12)*100 -> 89.568345 | I12: =E12/SUM($D12:$G12)*100 -> 0 | J12: =F12/SUM($D12:$G12)*100 -> 10.431655 | K12: =G12/SUM($D12:$G12)*100 -> 0
A13: 2015 | B13: 3107307 | C13: =VLOOKUP(B13,SAEB!$A:$B,2,0) -> Bocaiúva | D13: 572 | E13: 472 | F13: 387 | G13: 235 | H13: =D13/SUM($D13:$G13)*100 -> 34.333733 | I13: =E13/SUM($D13:$G13)*100 -> 28.331333 | J13: =F13/SUM($D13:$G13)*100 -> 23.229292 | K13: =G13/SUM($D13:$G13)*100 -> 14.105642
... A1881: 2024 | B1881: 3171907 | C1881: =VLOOKUP(B1881,SAEB!$A:$B,2,0) -> Virgolândia | D1881: 216 | E1881: 0 | F1881: 0 | G1881: 0 | H1881: =D1881/SUM($D1881:$G1881)*100 -> 100 | I1881: =E1881/SUM($D1881:$G1881)*100 -> 0 | J1881: =F1881/SUM($D1881:$G1881)*100 -> 0 | K1881: =G1881/SUM($D1881:$G1881)*100 -> 0

Sheet TDI
A1: Ano | B1: Código do Município | C1: Nome do Município | D1: TDI
A2: 2019 | B2: 3101003 | C2: Águas Vermelhas | D2: 1.8
A3: 2019 | B3: 3101102 | C3: Aimorés | D3: 2.8
A4: 2019 | B4: 3101706 | C4: Almenara | D4: 12.3
A5: 2019 | B5: 3101805 | C5: Alpercata | D5: 6
A6: 2019 | B6: 3102704 | C6: Cachoeira de Pajeú | D6: 1.4
A7: 2019 | B7: 3102852 | C7: Angelândia | D7: 0.5
A8: 2019 | B8: 3103405 | C8: Araçuaí | D8: 2
A9: 2019 | B9: 3104452 | C9: Aricanduva | D9: 0.4
A10: 2019 | B10: 3104502 | C10: Arinos | D10: 3.9
A11: 2019 | B11: 3104700 | C11: Ataléia | D11: 3.1
A12: 2019 | B12: 3105202 | C12: Bandeira | D12: 3.4
A13: 2019 | B13: 3106655 | C13: Berizal | D13: 2.1
... A565: 2023 | B565: 3171907 | C565: Virgolândia | D565: 0.4
