Workbook

Sheet SAEB_original
A1: ID | B1: NOM_MUN | C1: COD_IBGE | D1: SAEB15_LP_5 | E1: SAEB15_MT_5 | F1: SAEB15_LP_9 | G1: SAEB15_MT_9 | H1: SAEB17_LP_5 | I1: SAEB17_MT_5 | J1: SAEB17_LP_9 | K1: SAEB17_MT_9 | L1: SAEB19_LP_5 | M1: SAEB19_MT_5 | N1: SAEB19_LP_9 | O1: SAEB19_MT_9 | P1: SAEB21_LP_5 | Q1: SAEB21_MT_5 | R1: SAEB21_LP_9 | S1: SAEB21_MT_9 | T1: SAEB23_LP_5 | U1: SAEB23_MT_5 | V1: SAEB23_LP_9 | W1: SAEB23_MT_9 | X1: TOTAL_LP_5 | Y1: TOTAL_MT_5 | Z1: TOTAL_LP_9 | AA1: TOTAL_MT_9
A2: 1 | B2: Açucena | C2: 3100500 | D2: #N/A | E2: #N/A | F2: #N/A | G2: #N/A | H2: 201.03 | I2: 228.8 | J2: 266.95 | K2: 250.53 | L2: 217.6 | M2: 232.66 | N2: 268.55 | O2: 266.49 | P2: 183.35 | Q2: 184.5 | R2: 0 | S2: 0 | T2: 0 | U2: 0 | V2: 238.41 | W2: 247.05 | X2: =COUNTIFS(H2,">0",L2,">0",P2,">0",T2,">0") -> 0 | Y2: =COUNTIFS(I2,">0",M2,">0",Q2,">0",U2,">0") -> 0 | Z2: =COUNTIFS(J2,">0",N2,">0",R2,">0",V2,">0") -> 0 | AA2: =COUNTIFS(K2,">0",O2,">0",S2,">0",W2,">0") -> 0
A3: 2 | B3: Água Boa | C3: 3100609 | D3: #N/A | E3: #N/A | F3: #N/A | G3: #N/A | H3: #N/A | I3: #N/A | J3: #N/A | K3: #N/A | L3: 214.57 | M3: 243.88 | N3: 0 | O3: 0 | P3: #N/A | Q3: #N/A | R3: #N/A | S3: #N/A | T3: 187.28 | U3: 211.1 | V3: 0 | W3: 0 | X3: =COUNTIFS(H3,">0",L3,">0",P3,">0",T3,">0") -> 0 | Y3: =COUNTIFS(I3,">0",M3,">0",Q3,">0",U3,">0") -> 0 | Z3: =COUNTIFS(J3,">0",N3,">0",R3,">0",V3,">0") -> 0 | AA3: =COUNTIFS(K3,">0",O3,">0",S3,">0",W3,">0") -> 0
A4: 3 | B4: Águas Formosas | C4: 3100906 | D4: 0 | E4: 0 | F4: 233.65 | G4: 237.53 | H4: 194.22 | I4: 206.59 | J4: 248.51 | K4: 231.5 | L4: 189.35 | M4: 192.54 | N4: 243.02 | O4: 241.49 | P4: #N/A | Q4: #N/A | R4: #N/A | S4: #N/A | T4: 194.57 | U4: 185.96 | V4: 0 | W4: 0 | X4: =COUNTIFS(H4,">0",L4,">0",P4,">0",T4,">0") -> 0 | Y4: =COUNTIFS(I4,">0",M4,">0",Q4,">0",U4,">0") -> 0 | Z4: =COUNTIFS(J4,">0",N4,">0",R4,">0",V4,">0") -> 0 | AA4: =COUNTIFS(K4,">0",O4,">0",S4,">0",W4,">0") -> 0
A5: 4 | B5: Águas Vermelhas | C5: 3101003 | D5: 190.53 | E5: 201.16 | F5: 0 | G5: 0 | H5: 213.62 | I5: 219.48 | J5: 0 | K5: 0 | L5: 224.73 | M5: 238.65 | N5: 0 | O5: 0 | P5: 189.56 | Q5: 196.52 | R5: 0 | S5: 0 | T5: 205.68 | U5: 214.12 | V5: 0 | W5: 0 | X5: =COUNTIFS(H5,">0",L5,">0",P5,">0",T5,">0") -> 1 | Y5: =COUNTIFS(I5,">0",M5,">0",Q5,">0",U5,">0") -> 1 | Z5: =COUNTIFS(J5,">0",N5,">0",R5,">0",V5,">0") -> 0 | AA5: =COUNTIFS(K5,">0",O5,">0",S5,">0",W5,">0") -> 0
A6: 5 | B6: Aimorés | C6: 3101102 | D6: 216.28 | E6: 220.1 | F6: 271.5 | G6: 269.26 | H6: 220.05 | I6: 229.35 | J6: 253.67 | K6: 253.32 | L6: 224.19 | M6: 229.53 | N6: 251.44 | O6: 261.31 | P6: 208.12 | Q6: 211.47 | R6: 253.3 | S6: 253.68 | T6: 215.43 | U6: 219.95 | V6: 260.97 | W6: 253.11 | X6: =COUNTIFS(H6,">0",L6,">0",P6,">0",T6,">0") -> 1 | Y6: =COUNTIFS(I6,">0",M6,">0",Q6,">0",U6,">0") -> 1 | Z6: =COUNTIFS(J6,">0",N6,">0",R6,">0",V6,">0") -> 1 | AA6: =COUNTIFS(K6,">0",O6,">0",S6,">0",W6,">0") -> 1
A7: 6 | B7: Almenara | C7: 3101706 | D7: 187.96 | E7: 199.75 | F7: 253.03 | G7: 242.33 | H7: 192.82 | I7: 195.55 | J7: 252.04 | K7: 245.38 | L7: 190.15 | M7: 200.24 | N7: 257.31 | O7: 239.91 | P7: 191.34 | Q7: 199.1 | R7: 253.66 | S7: 237.69 | T7: 195.77 | U7: 204.06 | V7: 241.06 | W7: 229.53 | X7: =COUNTIFS(H7,">0",L7,">0",P7,">0",T7,">0") -> 1 | Y7: =COUNTIFS(I7,">0",M7,">0",Q7,">0",U7,">0") -> 1 | Z7: =COUNTIFS(J7,">0",N7,">0",R7,">0",V7,">0") -> 1 | AA7: =COUNTIFS(K7,">0",O7,">0",S7,">0",W7,">0") -> 1
A8: 7 | B8: Alpercata | C8: 3101805 | D8: 199.05 | E8: 210.96 | F8: 226.71 | G8: 247.11 | H8: 177.33 | I8: 189.95 | J8: 259 | K8: 253.75 | L8: 199.27 | M8: 211.38 | N8: 233.06 | O8: 255.11 | P8: 191.83 | Q8: 205.35 | R8: 246.33 | S8: 250 | T8: 195.88 | U8: 198.73 | V8: 243.6 | W8: 246.09 | X8: =COUNTIFS(H8,">0",L8,">0",P8,">0",T8,">0") -> 1 | Y8: =COUNTIFS(I8,">0",M8,">0",Q8,">0",U8,">0") -> 1 | Z8: =COUNTIFS(J8,">0",N8,">0",R8,">0",V8,">0") -> 1 | AA8: =COUNTIFS(K8,">0",O8,">0",S8,">0",W8,">0") -> 1
A9: 8 | B9: Alvarenga | C9: 3102209 | D9: 181.79 | E9: 215.74 | F9: 0 | G9: 0 | H9: 213.14 | I9: 222.73 | J9: 0 | K9: 0 | L9: 201.97 | M9: 217.98 | N9: 0 | O9: 0 | P9: #N/A | Q9: #N/A | R9: #N/A | S9: #N/A | T9: 199.47 | U9: 211.1 | V9: 0 | W9: 0 | X9: =COUNTIFS(H9,">0",L9,">0",P9,">0",T9,">0") -> 0 | Y9: =COUNTIFS(I9,">0",M9,">0",Q9,">0",U9,">0") -> 0 | Z9: =COUNTIFS(J9,">0",N9,">0",R9,">0",V9,">0") -> 0 | AA9: =COUNTIFS(K9,">0",O9,">0",S9,">0",W9,">0") -> 0
A10: 9 | B10: Angelândia | C10: 3102852 | D10: 214.97 | E10: 237.37 | F10: 0 | G10: 0 | H10: 205.97 | I10: 215.57 | J10: 0 | K10: 0 | L10: 214.58 | M10: 235.89 | N10: 0 | O10: 0 | P10: 181.85 | Q10: 208.94 | R10: 0 | S10: 0 | T10: 215.01 | U10: 227.73 | V10: 0 | W10: 0 | X10: =COUNTIFS(H10,">0",L10,">0",P10,">0",T10,">0") -> 1 | Y10: =COUNTIFS(I10,">0",M10,">0",Q10,">0",U10,">0") -> 1 | Z10: =COUNTIFS(J10,">0",N10,">0",R10,">0",V10,">0") -> 0 | AA10: =COUNTIFS(K10,">0",O10,">0",S10,">0",W10,">0") -> 0
A11: 10 | B11: Araçuaí | C11: 3103405 | D11: 188.82 | E11: 192.21 | F11: 228.91 | G11: 239.08 | H11: 201.51 | I11: 209.14 | J11: 245.28 | K11: 243.43 | L11: 195.62 | M11: 203.67 | N11: 241.91 | O11: 228.37 | P11: 180.92 | Q11: 188.92 | R11: 230.15 | S11: 222.58 | T11: 196.17 | U11: 205.92 | V11: 239.34 | W11: 220.47 | X11: =COUNTIFS(H11,">0",L11,">0",P11,">0",T11,">0") -> 1 | Y11: =COUNTIFS(I11,">0",M11,">0",Q11,">0",U11,">0") -> 1 | Z11: =COUNTIFS(J11,">0",N11,">0",R11,">0",V11,">0") -> 1 | AA11: =COUNTIFS(K11,">0",O11,">0",S11,">0",W11,">0") -> 1
A12: 11 | B12: Aricanduva | C12: 3104452 | D12: 211.97 | E12: 215.88 | F12: 0 | G12: 0 | H12: 222.21 | I12: 238.95 | J12: 0 | K12: 0 | L12: 228.01 | M12: 250.16 | N12: 0 | O12: 0 | P12: 197.66 | Q12: 197.69 | R12: 0 | S12: 0 | T12: 211.63 | U12: 226.58 | V12: 0 | W12: 0 | X12: =COUNTIFS(H12,">0",L12,">0",P12,">0",T12,">0") -> 1 | Y12: =COUNTIFS(I12,">0",M12,">0",Q12,">0",U12,">0") -> 1 | Z12: =COUNTIFS(J12,">0",N12,">0",R12,">0",V12,">0") -> 0 | AA12: =COUNTIFS(K12,">0",O12,">0",S12,">0",W12,">0") -> 0
A13: 12 | B13: Arinos | C13: 3104502 | D13: 203.92 | E13: 212.94 | F13: 0 | G13: 0 | H13: 200.62 | I13: 206.21 | J13: 227.81 | K13: 227.1 | L13: 204.26 | M13: 214.96 | N13: 264.56 | O13: 249.8 | P13: 186.49 | Q13: 187.2 | R13: 239.9 | S13: 235.17 | T13: 203 | U13: 203.34 | V13: 231.82 | W13: 225.52 | X13: =COUNTIFS(H13,">0",L13,">0",P13,">0",T13,">0") -> 1 | Y13: =COUNTIFS(I13,">0",M13,">0",Q13,">0",U13,">0") -> 1 | Z13: =COUNTIFS(J13,">0",N13,">0",R13,">0",V13,">0") -> 1 | AA13: =COUNTIFS(K13,">0",O13,">0",S13,">0",W13,">0") -> 1
A14: 13 | B14: Ataléia | C14: 3104700 | D14: 198.89 | E14: 220.24 | F14: 0 | G14: 0 | H14: 209.45 | I14: 210.48 | J14: 240.31 | K14: 241.36 | L14: 199.69 | M14: 209.27 | N14: 0 | O14: 0 | P14: 181.38 | Q14: 190.36 | R14: 231.75 | S14: 232.05 | T14: 189.3 | U14: 206.4 | V14: 214.86 | W14: 212.43 | X14: =COUNTIFS(H14,">0",L14,">0",P14,">0",T14,">0") -> 1 | Y14: =COUNTIFS(I14,">0",M14,">0",Q14,">0",U14,">0") -> 1 | Z14: =COUNTIFS(J14,">0",N14,">0",R14,">0",V14,">0") -> 0 | AA14: =COUNTIFS(K14,">0",O14,">0",S14,">0",W14,">0") -> 0
A15: 14 | B15: Augusto de Lima | C15: 3104809 | D15: 200.62 | E15: 207.92 | F15: 233.69 | G15: 242.28 | H15: 191.25 | I15: 198.83 | J15: 274.75 | K15: 259.76 | L15: 205.97 | M15: 221.5 | N15: 261.03 | O15: 256.6 | P15: #N/A | Q15: #N/A | R15: #N/A | S15: #N/A | T15: 196.65 | U15: 210.84 | V15: 252.58 | W15: 252.04 | X15: =COUNTIFS(H15,">0",L15,">0",P15,">0",T15,">0") -> 0 | Y15: =COUNTIFS(I15,">0",M15,">0",Q15,">0",U15,">0") -> 0 | Z15: =COUNTIFS(J15,">0",N15,">0",R15,">0",V15,">0") -> 0 | AA15: =COUNTIFS(K15,">0",O15,">0",S15,">0",W15,">0") -> 0
A16: 15 | B16: Bandeira | C16: 3105202 | D16: 206.42 | E16: 213.59 | F16: 0 | G16: 0 | H16: 221.48 | I16: 232.52 | J16: 249.66 | K16: 247.25 | L16: 202.24 | M16: 213.17 | N16: 0 | O16: 0 | P16: 191.48 | Q16: 205.92 | R16: 0 | S16: 0 | T16: 211.02 | U16: 223.46 | V16: 253.12 | W16: 242.8 | X16: =COUNTIFS(H16,">0",L16,">0",P16,">0",T16,">0") -> 1 | Y16: =COUNTIFS(I16,">0",M16,">0",Q16,">0",U16,">0") -> 1 | Z16: =COUNTIFS(J16,">0",N16,">0",R16,">0",V16,">0") -> 0 | AA16: =COUNTIFS(K16,">0",O16,">0",S16,">0",W16,">0") -> 0
A17: 16 | B17: Berilo | C17: 3106507 | D17: #N/A | E17: #N/A | F17: #N/A | G17: #N/A | H17: #N/A | I17: #N/A | J17: #N/A | K17: #N/A | L17: 198.84 | M17: 212.22 | N17: 0 | O17: 0 | P17: #N/A | Q17: #N/A | R17: #N/A | S17: #N/A | T17: #N/A | U17: #N/A | V17: #N/A | W17: #N/A | X17: =COUNTIFS(H17,">0",L17,">0",P17,">0",T17,">0") -> 0 | Y17: =COUNTIFS(I17,">0",M17,">0",Q17,">0",U17,">0") -> 0 | Z17: =COUNTIFS(J17,">0",N17,">0",R17,">0",V17,">0") -> 0 | AA17: =COUNTIFS(K17,">0",O17,">0",S17,">0",W17,">0") -> 0
A18: 17 | B18: Berizal | C18: 3106655 | D18: 194.61 | E18: 202.95 | F18: 0 | G18: 0 | H18: 215.55 | I18: 212.05 | J18: 0 | K18: 0 | L18: 209.84 | M18: 225.58 | N18: 0 | O18: 0 | P18: 202.18 | Q18: 212.89 | R18: 0 | S18: 0 | T18: 209.71 | U18: 228.27 | V18: 0 | W18: 0 | X18: =COUNTIFS(H18,">0",L18,">0",P18,">0",T18,">0") -> 1 | Y18: =COUNTIFS(I18,">0",M18,">0",Q18,">0",U18,">0") -> 1 | Z18: =COUNTIFS(J18,">0",N18,">0",R18,">0",V18,">0") -> 0 | AA18: =COUNTIFS(K18,">0",O18,">0",S18,">0",W18,">0") -> 0
A19: 18 | B19: Bertópolis | C19: 3106606 | D19: 215.1 | E19: 223.2 | F19: 0 | G19: 0 | H19: 213.28 | I19: 216.07 | J19: 0 | K19: 0 | L19: 213.35 | M19: 225.79 | N19: 0 | O19: 0 | P19: #N/A | Q19: #N/A | R19: #N/A | S19: #N/A | T19: 207.88 | U19: 212.32 | V19: 0 | W19: 0 | X19: =COUNTIFS(H19,">0",L19,">0",P19,">0",T19,">0") -> 0 | Y19: =COUNTIFS(I19,">0",M19,">0",Q19,">0",U19,">0") -> 0 | Z19: =COUNTIFS(J19,">0",N19,">0",R19,">0",V19,">0") -> 0 | AA19: =COUNTIFS(K19,">0",O19,">0",S19,">0",W19,">0") -> 0
A20: 19 | B20: Bocaiúva | C20: 3107307 | D20: 188.29 | E20: 202.76 | F20: 238.45 | G20: 240.66 | H20: 200.2 | I20: 211.93 | J20: 235.38 | K20: 235.91 | L20: 197.37 | M20: 207.88 | N20: 233.59 | O20: 240.32 | P20: 189.88 | Q20: 204.9 | R20: 236.96 | S20: 235.85 | T20: 190.3 | U20: 203.13 | V20: 239.62 | W20: 233.84 | X20: =COUNTIFS(H20,">0",L20,">0",P20,">0",T20,">0") -> 1 | Y20: =COUNTIFS(I20,">0",M20,">0",Q20,">0",U20,">0") -> 1 | Z20: =COUNTIFS(J20,">0",N20,">0",R20,">0",V20,">0") -> 1 | AA20: =COUNTIFS(K20,">0",O20,">0",S20,">0",W20,">0") -> 1
A21: 20 | B21: Bonfinópolis de Minas | C21: 3108206 | D21: 220.02 | E21: 229.66 | F21: 269.95 | G21: 270.3 | H21: 218.32 | I21: 234.51 | J21: 260.7 | K21: 252.85 | L21: 216.87 | M21: 220.35 | N21: 252.66 | O21: 266.72 | P21: 198.62 | Q21: 210.16 | R21: 259.67 | S21: 257.82 | T21: 210.08 | U21: 215.33 | V21: 275.34 | W21: 274.58 | X21: =COUNTIFS(H21,">0",L21,">0",P21,">0",T21,">0") -> 1 | Y21: =COUNTIFS(I21,">0",M21,">0",Q21,">0",U21,">0") -> 1 | Z21: =COUNTIFS(J21,">0",N21,">0",R21,">0",V21,">0") -> 1 | AA21: =COUNTIFS(K21,">0",O21,">0",S21,">0",W21,">0") -> 1
A22: 21 | B22: Bonito de Minas | C22: 3108255 | D22: 191.77 | E22: 193.92 | F22: 0 | G22: 0 | H22: 194.47 | I22: 191.09 | J22: 225 | K22: 216.37 | L22: 196.59 | M22: 202.04 | N22: 211.16 | O22: 199.2 | P22: #N/A | Q22: #N/A | R22: #N/A | S22: #N/A | T22: 198.67 | U22: 201.7 | V22: 214.6 | W22: 196.74 | X22: =COUNTIFS(H22,">0",L22,">0",P22,">0",T22,">0") -> 0 | Y22: =COUNTIFS(I22,">0",M22,">0",Q22,">0",U22,">0") -> 0 | Z22: =COUNTIFS(J22,">0",N22,">0",R22,">0",V22,">0") -> 0 | AA22: =COUNTIFS(K22,">0",O22,">0",S22,">0",W22,">0") -> 0
A23: 22 | B23: Botumirim | C23: 3108503 | D23: #N/A | E23: #N/A | F23: #N/A | G23: #N/A | H23: 167.82 | I23: 177.47 | J23: 249.71 | K23: 240.34 | L23: 186.62 | M23: 211.91 | N23: 0 | O23: 0 | P23: #N/A | Q23: #N/A | R23: #N/A | S23: #N/A | T23: 160.26 | U23: 179.81 | V23: 231.36 | W23: 237.29 | X23: =COUNTIFS(H23,">0",L23,">0",P23,">0",T23,">0") -> 0 | Y23: =COUNTIFS(I23,">0",M23,">0",Q23,">0",U23,">0") -> 0 | Z23: =COUNTIFS(J23,">0",N23,">0",R23,">0",V23,">0") -> 0 | AA23: =COUNTIFS(K23,">0",O23,">0",S23,">0",W23,">0") -> 0
A24: 23 | B24: Brasília de Minas | C24: 3108602 | D24: 0 | E24: 0 | F24: 239.87 | G24: 244.05 | H24: 212.12 | I24: 204.97 | J24: 248.53 | K24: 247.7 | L24: 215.46 | M24: 216.56 | N24: 241.91 | O24: 245.68 | P24: 203.85 | Q24: 199.9 | R24: 244.77 | S24: 234.08 | T24: 192.66 | U24: 191.22 | V24: 246.88 | W24: 247.33 | X24: =COUNTIFS(H24,">0",L24,">0",P24,">0",T24,">0") -> 1 | Y24: =COUNTIFS(I24,">0",M24,">0",Q24,">0",U24,">0") -> 1 | Z24: =COUNTIFS(J24,">0",N24,">0",R24,">0",V24,">0") -> 1 | AA24: =COUNTIFS(K24,">0",O24,">0",S24,">0",W24,">0") -> 1
A25: 24 | B25: Braúnas | C25: 3108800 | D25: #N/A | E25: #N/A | F25: #N/A | G25: #N/A | H25: 196.91 | I25: 213.57 | J25: 0 | K25: 0 | L25: 224.47 | M25: 238.5 | N25: 0 | O25: 0 | P25: #N/A | Q25: #N/A | R25: #N/A | S25: #N/A | T25: 197.6 | U25: 209.42 | V25: 0 | W25: 0 | X25: =COUNTIFS(H25,">0",L25,">0",P25,">0",T25,">0") -> 0 | Y25: =COUNTIFS(I25,">0",M25,">0",Q25,">0",U25,">0") -> 0 | Z25: =COUNTIFS(J25,">0",N25,">0",R25,">0",V25,">0") -> 0 | AA25: =COUNTIFS(K25,">0",O25,">0",S25,">0",W25,">0") -> 0
A26: 25 | B26: Buenópolis | C26: 3109204 | D26: 199.69 | E26: 210.27 | F26: 0 | G26: 0 | H26: 225.22 | I26: 233.17 | J26: 0 | K26: 0 | L26: 200.48 | M26: 210.86 | N26: 0 | O26: 0 | P26: 197.84 | Q26: 198.4 | R26: 0 | S26: 0 | T26: 210.49 | U26: 217.84 | V26: 0 | W26: 0 | X26: =COUNTIFS(H26,">0",L26,">0",P26,">0",T26,">0") -> 1 | Y26: =COUNTIFS(I26,">0",M26,">0",Q26,">0",U26,">0") -> 1 | Z26: =COUNTIFS(J26,">0",N26,">0",R26,">0",V26,">0") -> 0 | AA26: =COUNTIFS(K26,">0",O26,">0",S26,">0",W26,">0") -> 0
A27: 26 | B27: Buritizeiro | C27: 3109402 | D27: 192.66 | E27: 199.82 | F27: 0 | G27: 0 | H27: 199.98 | I27: 204.22 | J27: 0 | K27: 0 | L27: 193.31 | M27: 202.18 | N27: 0 | O27: 0 | P27: 193.59 | Q27: 195.68 | R27: 0 | S27: 0 | T27: 190.89 | U27: 195.3 | V27: 0 | W27: 0 | X27: =COUNTIFS(H27,">0",L27,">0",P27,">0",T27,">0") -> 1 | Y27: =COUNTIFS(I27,">0",M27,">0",Q27,">0",U27,">0") -> 1 | Z27: =COUNTIFS(J27,">0",N27,">0",R27,">0",V27,">0") -> 0 | AA27: =COUNTIFS(K27,">0",O27,">0",S27,">0",W27,">0") -> 0
A28: 27 | B28: Cachoeira de Pajeú | C28: 3102704 | D28: 206.47 | E28: 212.68 | F28: 229.2 | G28: 244.43 | H28: 203.94 | I28: 212.68 | J28: 260.05 | K28: 254.24 | L28: 197.18 | M28: 211.45 | N28: 255.71 | O28: 253.59 | P28: 187.54 | Q28: 192.71 | R28: 246.29 | S28: 238.36 | T28: 198.23 | U28: 208.92 | V28: 0 | W28: 0 | X28: =COUNTIFS(H28,">0",L28,">0",P28,">0",T28,">0") -> 1 | Y28: =COUNTIFS(I28,">0",M28,">0",Q28,">0",U28,">0") -> 1 | Z28: =COUNTIFS(J28,">0",N28,">0",R28,">0",V28,">0") -> 0 | AA28: =COUNTIFS(K28,">0",O28,">0",S28,">0",W28,">0") -> 0
A29: 28 | B29: Campanário | C29: 3110806 | D29: 186.81 | E29: 195.47 | F29: 0 | G29: 0 | H29: 194.43 | I29: 198.4 | J29: 0 | K29: 0 | L29: 198.95 | M29: 212.64 | N29: 0 | O29: 0 | P29: 192.75 | Q29: 201.12 | R29: 0 | S29: 0 | T29: 195 | U29: 197.77 | V29: 0 | W29: 0 | X29: =COUNTIFS(H29,">0",L29,">0",P29,">0",T29,">0") -> 1 | Y29: =COUNTIFS(I29,">0",M29,">0",Q29,">0",U29,">0") -> 1 | Z29: =COUNTIFS(J29,">0",N29,">0",R29,">0",V29,">0") -> 0 | AA29: =COUNTIFS(K29,">0",O29,">0",S29,">0",W29,">0") -> 0
A30: 29 | B30: Campo Azul | C30: 3111150 | D30: 224.93 | E30: 226.04 | F30: 256.07 | G30: 255.08 | H30: 215.61 | I30: 213.34 | J30: 255.29 | K30: 255.99 | L30: 208.78 | M30: 217.16 | N30: 262.34 | O30: 254.84 | P30: 199.26 | Q30: 208.45 | R30: 0 | S30: 0 | T30: 205.25 | U30: 215.89 | V30: 244.95 | W30: 228.95 | X30: =COUNTIFS(H30,">0",L30,">0",P30,">0",T30,">0") -> 1 | Y30: =COUNTIFS(I30,">0",M30,">0",Q30,">0",U30,">0") -> 1 | Z30: =COUNTIFS(J30,">0",N30,">0",R30,">0",V30,">0") -> 0 | AA30: =COUNTIFS(K30,">0",O30,">0",S30,">0",W30,">0") -> 0
A31: 30 | B31: Cantagalo | C31: 3112059 | D31: 211.97 | E31: 220.62 | F31: 0 | G31: 0 | H31: 206.14 | I31: 216.4 | J31: 0 | K31: 0 | L31: 202.36 | M31: 210.26 | N31: 0 | O31: 0 | P31: 213.29 | Q31: 222.43 | R31: 0 | S31: 0 | T31: 193.89 | U31: 219.23 | V31: 0 | W31: 0 | X31: =COUNTIFS(H31,">0",L31,">0",P31,">0",T31,">0") -> 1 | Y31: =COUNTIFS(I31,">0",M31,">0",Q31,">0",U31,">0") -> 1 | Z31: =COUNTIFS(J31,">0",N31,">0",R31,">0",V31,">0") -> 0 | AA31: =COUNTIFS(K31,">0",O31,">0",S31,">0",W31,">0") -> 0
A32: 31 | B32: Capelinha | C32: 3112307 | D32: 223.18 | E32: 253.14 | F32: 0 | G32: 0 | H32: 222.26 | I32: 240.86 | J32: 0 | K32: 0 | L32: 214.19 | M32: 233.47 | N32: 0 | O32: 0 | P32: 204.9 | Q32: 226.72 | R32: 0 | S32: 0 | T32: 223.95 | U32: 243.23 | V32: 0 | W32: 0 | X32: =COUNTIFS(H32,">0",L32,">0",P32,">0",T32,">0") -> 1 | Y32: =COUNTIFS(I32,">0",M32,">0",Q32,">0",U32,">0") -> 1 | Z32: =COUNTIFS(J32,">0",N32,">0",R32,">0",V32,">0") -> 0 | AA32: =COUNTIFS(K32,">0",O32,">0",S32,">0",W32,">0") -> 0
A33: 32 | B33: Capitão Andrade | C33: 3112653 | D33: 202.11 | E33: 217.49 | F33: 0 | G33: 0 | H33: 204.44 | I33: 217.25 | J33: 0 | K33: 0 | L33: 203.93 | M33: 221.84 | N33: 0 | O33: 0 | P33: 192.66 | Q33: 211.46 | R33: 0 | S33: 0 | T33: #N/A | U33: #N/A | V33: #N/A | W33: #N/A | X33: =COUNTIFS(H33,">0",L33,">0",P33,">0",T33,">0") -> 0 | Y33: =COUNTIFS(I33,">0",M33,">0",Q33,">0",U33,">0") -> 0 | Z33: =COUNTIFS(J33,">0",N33,">0",R33,">0",V33,">0") -> 0 | AA33: =COUNTIFS(K33,">0",O33,">0",S33,">0",W33,">0") -> 0
A34: 33 | B34: Capitão Enéas | C34: 3112703 | D34: 173.71 | E34: 182.25 | F34: 203.86 | G34: 215.11 | H34: 176.42 | I34: 183.02 | J34: 213.51 | K34: 206.3 | L34: 170.89 | M34: 180.12 | N34: 0 | O34: 0 | P34: 164.63 | Q34: 182.39 | R34: 0 | S34: 0 | T34: 189.02 | U34: 192.94 | V34: 206.12 | W34: 205.05 | X34: =COUNTIFS(H34,">0",L34,">0",P34,">0",T34,">0") -> 1 | Y34: =COUNTIFS(I34,">0",M34,">0",Q34,">0",U34,">0") -> 1 | Z34: =COUNTIFS(J34,">0",N34,">0",R34,">0",V34,">0") -> 0 | AA34: =COUNTIFS(K34,">0",O34,">0",S34,">0",W34,">0") -> 0
A35: 34 | B35: Caraí | C35: 3113008 | D35: 191.39 | E35: 205.97 | F35: 225.24 | G35: 234.21 | H35: 190.8 | I35: 203.18 | J35: 226.35 | K35: 233.89 | L35: 183.31 | M35: 196.71 | N35: 231.31 | O35: 234.99 | P35: 180.03 | Q35: 183.71 | R35: 221.3 | S35: 226.29 | T35: 184.08 | U35: 190.24 | V35: 241.88 | W35: 234.3 | X35: =COUNTIFS(H35,">0",L35,">0",P35,">0",T35,">0") -> 1 | Y35: =COUNTIFS(I35,">0",M35,">0",Q35,">0",U35,">0") -> 1 | Z35: =COUNTIFS(J35,">0",N35,">0",R35,">0",V35,">0") -> 1 | AA35: =COUNTIFS(K35,">0",O35,">0",S35,">0",W35,">0") -> 1
A36: 35 | B36: Carbonita | C36: 3113503 | D36: #N/A | E36: #N/A | F36: #N/A | G36: #N/A | H36: 209.69 | I36: 217.5 | J36: 213.33 | K36: 217.54 | L36: 223.83 | M36: 227.22 | N36: 239.32 | O36: 252.29 | P36: 206.53 | Q36: 211.73 | R36: 236.11 | S36: 255.77 | T36: 192.29 | U36: 203.19 | V36: 0 | W36: 0 | X36: =COUNTIFS(H36,">0",L36,">0",P36,">0",T36,">0") -> 1 | Y36: =COUNTIFS(I36,">0",M36,">0",Q36,">0",U36,">0") -> 1 | Z36: =COUNTIFS(J36,">0",N36,">0",R36,">0",V36,">0") -> 0 | AA36: =COUNTIFS(K36,">0",O36,">0",S36,">0",W36,">0") -> 0
A37: 36 | B37: Carlos Chagas | C37: 3113701 | D37: 204.39 | E37: 217.38 | F37: 248.11 | G37: 248.1 | H37: 213.78 | I37: 220.81 | J37: 259.12 | K37: 247.48 | L37: 202.51 | M37: 213.23 | N37: 250.12 | O37: 255.8 | P37: 192.74 | Q37: 197.02 | R37: 243.54 | S37: 243.93 | T37: 198.82 | U37: 201.21 | V37: 232.87 | W37: 239.39 | X37: =COUNTIFS(H37,">0",L37,">0",P37,">0",T37,">0") -> 1 | Y37: =COUNTIFS(I37,">0",M37,">0",Q37,">0",U37,">0") -> 1 | Z37: =COUNTIFS(J37,">0",N37,">0",R37,">0",V37,">0") -> 1 | AA37: =COUNTIFS(K37,">0",O37,">0",S37,">0",W37,">0") -> 1
A38: 37 | B38: Carmésia | C38: 3113800 | D38: 207.52 | E38: 210.25 | F38: 279.4 | G38: 273.73 | H38: 200.75 | I38: 207.69 | J38: 263.05 | K38: 267.9 | L38: 224.64 | M38: 240.54 | N38: 254.63 | O38: 270.23 | P38: 197.65 | Q38: 201.99 | R38: 0 | S38: 0 | T38: 203.75 | U38: 219.7 | V38: 262.81 | W38: 261.9 | X38: =COUNTIFS(H38,">0",L38,">0",P38,">0",T38,">0") -> 1 | Y38: =COUNTIFS(I38,">0",M38,">0",Q38,">0",U38,">0") -> 1 | Z38: =COUNTIFS(J38,">0",N38,">0",R38,">0",V38,">0") -> 0 | AA38: =COUNTIFS(K38,">0",O38,">0",S38,">0",W38,">0") -> 0
A39: 38 | B39: Catuji | C39: 3115458 | D39: 195.43 | E39: 210.98 | F39: 0 | G39: 0 | H39: 192.08 | I39: 202.41 | J39: 0 | K39: 0 | L39: 172.89 | M39: 188.62 | N39: 0 | O39: 0 | P39: 175.44 | Q39: 189.06 | R39: 0 | S39: 0 | T39: 189.4 | U39: 194.82 | V39: 0 | W39: 0 | X39: =COUNTIFS(H39,">0",L39,">0",P39,">0",T39,">0") -> 1 | Y39: =COUNTIFS(I39,">0",M39,">0",Q39,">0",U39,">0") -> 1 | Z39: =COUNTIFS(J39,">0",N39,">0",R39,">0",V39,">0") -> 0 | AA39: =COUNTIFS(K39,">0",O39,">0",S39,">0",W39,">0") -> 0
A40: 39 | B40: Catuti | C40: 3115474 | D40: 210.89 | E40: 221.29 | F40: 234.32 | G40: 246.17 | H40: 207.59 | I40: 214.59 | J40: 246.43 | K40: 248.76 | L40: 211.71 | M40: 218.1 | N40: 0 | O40: 0 | P40: 185.75 | Q40: 199.57 | R40: 227 | S40: 234.45 | T40: 206.23 | U40: 220.82 | V40: 269.95 | W40: 257.95 | X40: =COUNTIFS(H40,">0",L40,">0",P40,">0",T40,">0") -> 1 | Y40: =COUNTIFS(I40,">0",M40,">0",Q40,">0",U40,">0") -> 1 | Z40: =COUNTIFS(J40,">0",N40,">0",R40,">0",V40,">0") -> 0 | AA40: =COUNTIFS(K40,">0",O40,">0",S40,">0",W40,">0") -> 0
A41: 40 | B41: Central de Minas | C41: 3115706 | D41: 217.9 | E41: 228.45 | F41: 0 | G41: 0 | H41: 224.82 | I41: 236.97 | J41: 0 | K41: 0 | L41: #N/A | M41: #N/A | N41: #N/A | O41: #N/A | P41: 188.95 | Q41: 205.54 | R41: 0 | S41: 0 | T41: 220.76 | U41: 234.6 | V41: 0 | W41: 0 | X41: =COUNTIFS(H41,">0",L41,">0",P41,">0",T41,">0") -> 0 | Y41: =COUNTIFS(I41,">0",M41,">0",Q41,">0",U41,">0") -> 0 | Z41: =COUNTIFS(J41,">0",N41,">0",R41,">0",V41,">0") -> 0 | AA41: =COUNTIFS(K41,">0",O41,">0",S41,">0",W41,">0") -> 0
A42: 41 | B42: Chapada do Norte | C42: 3116100 | D42: 196.8 | E42: 213.46 | F42: 0 | G42: 0 | H42: 211.31 | I42: 214.18 | J42: 0 | K42: 0 | L42: 205.78 | M42: 221.3 | N42: 0 | O42: 0 | P42: 179.05 | Q42: 195.04 | R42: 0 | S42: 0 | T42: 196.7 | U42: 209.97 | V42: 0 | W42: 0 | X42: =COUNTIFS(H42,">0",L42,">0",P42,">0",T42,">0") -> 1 | Y42: =COUNTIFS(I42,">0",M42,">0",Q42,">0",U42,">0") -> 1 | Z42: =COUNTIFS(J42,">0",N42,">0",R42,">0",V42,">0") -> 0 | AA42: =COUNTIFS(K42,">0",O42,">0",S42,">0",W42,">0") -> 0
A43: 42 | B43: Chapada Gaúcha | C43: 3116159 | D43: 219.95 | E43: 233.89 | F43: 252.11 | G43: 244.2 | H43: 209.33 | I43: 215.55 | J43: 238.9 | K43: 239.37 | L43: 203.98 | M43: 217.57 | N43: 244.88 | O43: 247.24 | P43: 184 | Q43: 196.85 | R43: 251.7 | S43: 247.51 | T43: 187.72 | U43: 200.87 | V43: 242.82 | W43: 236.9 | X43: =COUNTIFS(H43,">0",L43,">0",P43,">0",T43,">0") -> 1 | Y43: =COUNTIFS(I43,">0",M43,">0",Q43,">0",U43,">0") -> 1 | Z43: =COUNTIFS(J43,">0",N43,">0",R43,">0",V43,">0") -> 1 | AA43: =COUNTIFS(K43,">0",O43,">0",S43,">0",W43,">0") -> 1
A44: 43 | B44: Claro dos Poções | C44: 3116506 | D44: 207.64 | E44: 215.72 | F44: 0 | G44: 0 | H44: 217.06 | I44: 224.52 | J44: 0 | K44: 0 | L44: 202.53 | M44: 215.58 | N44: 0 | O44: 0 | P44: 204.01 | Q44: 202.11 | R44: 0 | S44: 0 | T44: 212.62 | U44: 217.56 | V44: 0 | W44: 0 | X44: =COUNTIFS(H44,">0",L44,">0",P44,">0",T44,">0") -> 1 | Y44: =COUNTIFS(I44,">0",M44,">0",Q44,">0",U44,">0") -> 1 | Z44: =COUNTIFS(J44,">0",N44,">0",R44,">0",V44,">0") -> 0 | AA44: =COUNTIFS(K44,">0",O44,">0",S44,">0",W44,">0") -> 0
A45: 44 | B45: Coluna | C45: 3116803 | D45: 226.33 | E45: 241.24 | F45: 0 | G45: 0 | H45: 200.47 | I45: 205.77 | J45: 0 | K45: 0 | L45: 216.12 | M45: 229.53 | N45: 0 | O45: 0 | P45: 187.92 | Q45: 199.37 | R45: 0 | S45: 0 | T45: 193.88 | U45: 205.31 | V45: 0 | W45: 0 | X45: =COUNTIFS(H45,">0",L45,">0",P45,">0",T45,">0") -> 1 | Y45: =COUNTIFS(I45,">0",M45,">0",Q45,">0",U45,">0") -> 1 | Z45: =COUNTIFS(J45,">0",N45,">0",R45,">0",V45,">0") -> 0 | AA45: =COUNTIFS(K45,">0",O45,">0",S45,">0",W45,">0") -> 0
A46: 45 | B46: Comercinho | C46: 3117009 | D46: 192.71 | E46: 208.33 | F46: 259.94 | G46: 270.85 | H46: 201.91 | I46: 206.76 | J46: 246.42 | K46: 252.33 | L46: 200.53 | M46: 212.88 | N46: 258.02 | O46: 258.45 | P46: 194.6 | Q46: 195.32 | R46: 228.2 | S46: 227.21 | T46: 183.29 | U46: 189.29 | V46: 232.95 | W46: 228.44 | X46: =COUNTIFS(H46,">0",L46,">0",P46,">0",T46,">0") -> 1 | Y46: =COUNTIFS(I46,">0",M46,">0",Q46,">0",U46,">0") -> 1 | Z46: =COUNTIFS(J46,">0",N46,">0",R46,">0",V46,">0") -> 1 | AA46: =COUNTIFS(K46,">0",O46,">0",S46,">0",W46,">0") -> 1
A47: 46 | B47: Conceição de Ipanema | C47: 3117405 | D47: #N/A | E47: #N/A | F47: #N/A | G47: #N/A | H47: 197.49 | I47: 221.37 | J47: 248.06 | K47: 239.23 | L47: 212.32 | M47: 225.67 | N47: 240.35 | O47: 229.88 | P47: 0 | Q47: 0 | R47: 228.59 | S47: 234.73 | T47: 0 | U47: 0 | V47: 219.92 | W47: 216.04 | X47: =COUNTIFS(H47,">0",L47,">0",P47,">0",T47,">0") -> 0 | Y47: =COUNTIFS(I47,">0",M47,">0",Q47,">0",U47,">0") -> 0 | Z47: =COUNTIFS(J47,">0",N47,">0",R47,">0",V47,">0") -> 1 | AA47: =COUNTIFS(K47,">0",O47,">0",S47,">0",W47,">0") -> 1
A48: 47 | B48: Cônego Marinho | C48: 3117836 | D48: 0 | E48: 0 | F48: 209.31 | G48: 214.52 | H48: 201.63 | I48: 193.89 | J48: 211.78 | K48: 208.38 | L48: 175.58 | M48: 186.27 | N48: 0 | O48: 0 | P48: #N/A | Q48: #N/A | R48: #N/A | S48: #N/A | T48: 195.9 | U48: 197.27 | V48: 230.95 | W48: 229.32 | X48: =COUNTIFS(H48,">0",L48,">0",P48,">0",T48,">0") -> 0 | Y48: =COUNTIFS(I48,">0",M48,">0",Q48,">0",U48,">0") -> 0 | Z48: =COUNTIFS(J48,">0",N48,">0",R48,">0",V48,">0") -> 0 | AA48: =COUNTIFS(K48,">0",O48,">0",S48,">0",W48,">0") -> 0
A49: 48 | B49: Conselheiro Pena | C49: 3118403 | D49: 215.48 | E49: 227.65 | F49: 0 | G49: 0 | H49: 215.54 | I49: 231.76 | J49: 0 | K49: 0 | L49: 221.43 | M49: 233.09 | N49: 0 | O49: 0 | P49: 198.66 | Q49: 208.37 | R49: 0 | S49: 0 | T49: 198.54 | U49: 211.84 | V49: 0 | W49: 0 | X49: =COUNTIFS(H49,">0",L49,">0",P49,">0",T49,">0") -> 1 | Y49: =COUNTIFS(I49,">0",M49,">0",Q49,">0",U49,">0") -> 1 | Z49: =COUNTIFS(J49,">0",N49,">0",R49,">0",V49,">0") -> 0 | AA49: =COUNTIFS(K49,">0",O49,">0",S49,">0",W49,">0") -> 0
A50: 49 | B50: Coração de Jesus | C50: 3118809 | D50: 0 | E50: 0 | F50: 186.52 | G50: 200.8 | H50: 0 | I50: 0 | J50: 223.26 | K50: 218.64 | L50: #N/A | M50: #N/A | N50: #N/A | O50: #N/A | P50: #N/A | Q50: #N/A | R50: #N/A | S50: #N/A | T50: 192.04 | U50: 203.41 | V50: 0 | W50: 0 | X50: =COUNTIFS(H50,">0",L50,">0",P50,">0",T50,">0") -> 0 | Y50: =COUNTIFS(I50,">0",M50,">0",Q50,">0",U50,">0") -> 0 | Z50: =COUNTIFS(J50,">0",N50,">0",R50,">0",V50,">0") -> 0 | AA50: =COUNTIFS(K50,">0",O50,">0",S50,">0",W50,">0") -> 0
A51: 50 | B51: Corinto | C51: 3119104 | D51: 209.46 | E51: 223.95 | F51: 267.16 | G51: 259.28 | H51: 218.93 | I51: 231.9 | J51: 251.73 | K51: 262.49 | L51: 198.18 | M51: 214.65 | N51: 273.19 | O51: 274.67 | P51: 194.5 | Q51: 199.47 | R51: 262.41 | S51: 261.8 | T51: 198.26 | U51: 213.1 | V51: 248.9 | W51: 260.29 | X51: =COUNTIFS(H51,">0",L51,">0",P51,">0",T51,">0") -> 1 | Y51: =COUNTIFS(I51,">0",M51,">0",Q51,">0",U51,">0") -> 1 | Z51: =COUNTIFS(J51,">0",N51,">0",R51,">0",V51,">0") -> 1 | AA51: =COUNTIFS(K51,">0",O51,">0",S51,">0",W51,">0") -> 1
A52: 51 | B52: Coroaci | C52: 3119203 | D52: 214.03 | E52: 230.02 | F52: 235.82 | G52: 244.53 | H52: 216.13 | I52: 226.17 | J52: 238.52 | K52: 244.12 | L52: 220.76 | M52: 233.57 | N52: 227.64 | O52: 250.37 | P52: 216.89 | Q52: 221.32 | R52: 262.8 | S52: 257.3 | T52: 206.07 | U52: 213.21 | V52: 243.07 | W52: 253.97 | X52: =COUNTIFS(H52,">0",L52,">0",P52,">0",T52,">0") -> 1 | Y52: =COUNTIFS(I52,">0",M52,">0",Q52,">0",U52,">0") -> 1 | Z52: =COUNTIFS(J52,">0",N52,">0",R52,">0",V52,">0") -> 1 | AA52: =COUNTIFS(K52,">0",O52,">0",S52,">0",W52,">0") -> 1
A53: 52 | B53: Coronel Murta | C53: 3119500 | D53: 233.95 | E53: 242.1 | F53: 242.24 | G53: 252.9 | H53: 187.64 | I53: 205.55 | J53: 240.73 | K53: 233.35 | L53: 190.5 | M53: 206.43 | N53: 222.35 | O53: 220.92 | P53: 192.54 | Q53: 202.58 | R53: 224.09 | S53: 222.88 | T53: 195.28 | U53: 207.19 | V53: 230.31 | W53: 246.74 | X53: =COUNTIFS(H53,">0",L53,">0",P53,">0",T53,">0") -> 1 | Y53: =COUNTIFS(I53,">0",M53,">0",Q53,">0",U53,">0") -> 1 | Z53: =COUNTIFS(J53,">0",N53,">0",R53,">0",V53,">0") -> 1 | AA53: =COUNTIFS(K53,">0",O53,">0",S53,">0",W53,">0") -> 1
A54: 53 | B54: Couto de Magalhães de Minas | C54: 3120102 | D54: 206.52 | E54: 214.88 | F54: 0 | G54: 0 | H54: 197.45 | I54: 209.3 | J54: 0 | K54: 0 | L54: 210.94 | M54: 221.85 | N54: 0 | O54: 0 | P54: #N/A | Q54: #N/A | R54: #N/A | S54: #N/A | T54: 188.24 | U54: 207.02 | V54: 0 | W54: 0 | X54: =COUNTIFS(H54,">0",L54,">0",P54,">0",T54,">0") -> 0 | Y54: =COUNTIFS(I54,">0",M54,">0",Q54,">0",U54,">0") -> 0 | Z54: =COUNTIFS(J54,">0",N54,">0",R54,">0",V54,">0") -> 0 | AA54: =COUNTIFS(K54,">0",O54,">0",S54,">0",W54,">0") -> 0
A55: 54 | B55: Crisólita | C55: 3120151 | D55: 185.47 | E55: 201.67 | F55: 233.71 | G55: 242.42 | H55: 189.49 | I55: 197.43 | J55: 240.07 | K55: 228.82 | L55: 185.35 | M55: 192.62 | N55: 226.05 | O55: 232.96 | P55: 175.41 | Q55: 179.93 | R55: 229.62 | S55: 226.56 | T55: 183.25 | U55: 192.55 | V55: 230.89 | W55: 221.47 | X55: =COUNTIFS(H55,">0",L55,">0",P55,">0",T55,">0") -> 1 | Y55: =COUNTIFS(I55,">0",M55,">0",Q55,">0",U55,">0") -> 1 | Z55: =COUNTIFS(J55,">0",N55,">0",R55,">0",V55,">0") -> 1 | AA55: =COUNTIFS(K55,">0",O55,">0",S55,">0",W55,">0") -> 1
A56: 55 | B56: Cristália | C56: 3120300 | D56: 200.04 | E56: 211.76 | F56: 0 | G56: 0 | H56: 193.96 | I56: 204.38 | J56: 0 | K56: 0 | L56: 164.3 | M56: 188.74 | N56: 0 | O56: 0 | P56: #N/A | Q56: #N/A | R56: #N/A | S56: #N/A | T56: 202.14 | U56: 206.6 | V56: 0 | W56: 0 | X56: =COUNTIFS(H56,">0",L56,">0",P56,">0",T56,">0") -> 0 | Y56: =COUNTIFS(I56,">0",M56,">0",Q56,">0",U56,">0") -> 0 | Z56: =COUNTIFS(J56,">0",N56,">0",R56,">0",V56,">0") -> 0 | AA56: =COUNTIFS(K56,">0",O56,">0",S56,">0",W56,">0") -> 0
A57: 56 | B57: Cuparaque | C57: 3120839 | D57: 202.24 | E57: 215.59 | F57: 0 | G57: 0 | H57: 209.23 | I57: 214.96 | J57: 0 | K57: 0 | L57: 223.96 | M57: 240.01 | N57: 0 | O57: 0 | P57: #N/A | Q57: #N/A | R57: #N/A | S57: #N/A | T57: 239.65 | U57: 249.92 | V57: 0 | W57: 0 | X57: =COUNTIFS(H57,">0",L57,">0",P57,">0",T57,">0") -> 0 | Y57: =COUNTIFS(I57,">0",M57,">0",Q57,">0",U57,">0") -> 0 | Z57: =COUNTIFS(J57,">0",N57,">0",R57,">0",V57,">0") -> 0 | AA57: =COUNTIFS(K57,">0",O57,">0",S57,">0",W57,">0") -> 0
A58: 57 | B58: Curral de Dentro | C58: 3120870 | D58: 195.62 | E58: 215.83 | F58: 0 | G58: 0 | H58: 217.18 | I58: 233.46 | J58: 0 | K58: 0 | L58: 201.36 | M58: 225.82 | N58: 0 | O58: 0 | P58: 199.84 | Q58: 208.45 | R58: 0 | S58: 0 | T58: 217.46 | U58: 238.06 | V58: 0 | W58: 0 | X58: =COUNTIFS(H58,">0",L58,">0",P58,">0",T58,">0") -> 1 | Y58: =COUNTIFS(I58,">0",M58,">0",Q58,">0",U58,">0") -> 1 | Z58: =COUNTIFS(J58,">0",N58,">0",R58,">0",V58,">0") -> 0 | AA58: =COUNTIFS(K58,">0",O58,">0",S58,">0",W58,">0") -> 0
A59: 58 | B59: Curvelo | C59: 3120904 | D59: 215.42 | E59: 228.39 | F59: 0 | G59: 0 | H59: 227.97 | I59: 235.78 | J59: 0 | K59: 0 | L59: 216.35 | M59: 230.68 | N59: 0 | O59: 0 | P59: 208.11 | Q59: 214.34 | R59: 0 | S59: 0 | T59: 213.25 | U59: 226.01 | V59: 0 | W59: 0 | X59: =COUNTIFS(H59,">0",L59,">0",P59,">0",T59,">0") -> 1 | Y59: =COUNTIFS(I59,">0",M59,">0",Q59,">0",U59,">0") -> 1 | Z59: =COUNTIFS(J59,">0",N59,">0",R59,">0",V59,">0") -> 0 | AA59: =COUNTIFS(K59,">0",O59,">0",S59,">0",W59,">0") -> 0
A60: 59 | B60: Datas | C60: 3121001 | D60: 222.1 | E60: 224.82 | F60: 0 | G60: 0 | H60: 232.48 | I60: 240.67 | J60: 0 | K60: 0 | L60: 227.91 | M60: 243.03 | N60: 0 | O60: 0 | P60: 210.09 | Q60: 221.85 | R60: 0 | S60: 0 | T60: 232.6 | U60: 236.97 | V60: 0 | W60: 0 | X60: =COUNTIFS(H60,">0",L60,">0",P60,">0",T60,">0") -> 1 | Y60: =COUNTIFS(I60,">0",M60,">0",Q60,">0",U60,">0") -> 1 | Z60: =COUNTIFS(J60,">0",N60,">0",R60,">0",V60,">0") -> 0 | AA60: =COUNTIFS(K60,">0",O60,">0",S60,">0",W60,">0") -> 0
A61: 60 | B61: Diamantina | C61: 3121605 | D61: 203.59 | E61: 216.41 | F61: 252.18 | G61: 250.49 | H61: 206.23 | I61: 211.57 | J61: 230.96 | K61: 230.45 | L61: 209.68 | M61: 220.79 | N61: 235.09 | O61: 235.87 | P61: 192.39 | Q61: 189.95 | R61: 244.92 | S61: 239.29 | T61: 216.24 | U61: 221.21 | V61: 249.58 | W61: 241.14 | X61: =COUNTIFS(H61,">0",L61,">0",P61,">0",T61,">0") -> 1 | Y61: =COUNTIFS(I61,">0",M61,">0",Q61,">0",U61,">0") -> 1 | Z61: =COUNTIFS(J61,">0",N61,">0",R61,">0",V61,">0") -> 1 | AA61: =COUNTIFS(K61,">0",O61,">0",S61,">0",W61,">0") -> 1
A62: 61 | B62: Divino das Laranjeiras | C62: 3122108 | D62: 186.87 | E62: 208.58 | F62: 0 | G62: 0 | H62: 217.33 | I62: 224.37 | J62: 0 | K62: 0 | L62: 204.56 | M62: 213.79 | N62: 0 | O62: 0 | P62: 212.24 | Q62: 211.86 | R62: 0 | S62: 0 | T62: 209.95 | U62: 202.17 | V62: 0 | W62: 0 | X62: =COUNTIFS(H62,">0",L62,">0",P62,">0",T62,">0") -> 1 | Y62: =COUNTIFS(I62,">0",M62,">0",Q62,">0",U62,">0") -> 1 | Z62: =COUNTIFS(J62,">0",N62,">0",R62,">0",V62,">0") -> 0 | AA62: =COUNTIFS(K62,">0",O62,">0",S62,">0",W62,">0") -> 0
A63: 62 | B63: Divinolândia de Minas | C63: 3122207 | D63: 221.28 | E63: 242.28 | F63: 0 | G63: 0 | H63: 222.33 | I63: 234.38 | J63: 0 | K63: 0 | L63: 224.63 | M63: 243.54 | N63: 0 | O63: 0 | P63: 209.06 | Q63: 216.65 | R63: 0 | S63: 0 | T63: 216.19 | U63: 231.02 | V63: 0 | W63: 0 | X63: =COUNTIFS(H63,">0",L63,">0",P63,">0",T63,">0") -> 1 | Y63: =COUNTIFS(I63,">0",M63,">0",Q63,">0",U63,">0") -> 1 | Z63: =COUNTIFS(J63,">0",N63,">0",R63,">0",V63,">0") -> 0 | AA63: =COUNTIFS(K63,">0",O63,">0",S63,">0",W63,">0") -> 0
A64: 63 | B64: Divisa Alegre | C64: 3122355 | D64: 191.33 | E64: 207.81 | F64: 236.7 | G64: 231.36 | H64: 210.45 | I64: 218.79 | J64: 227.81 | K64: 230.27 | L64: 193.51 | M64: 214.86 | N64: 220.59 | O64: 229.97 | P64: #N/A | Q64: #N/A | R64: #N/A | S64: #N/A | T64: 0 | U64: 0 | V64: 225.66 | W64: 217.76 | X64: =COUNTIFS(H64,">0",L64,">0",P64,">0",T64,">0") -> 0 | Y64: =COUNTIFS(I64,">0",M64,">0",Q64,">0",U64,">0") -> 0 | Z64: =COUNTIFS(J64,">0",N64,">0",R64,">0",V64,">0") -> 0 | AA64: =COUNTIFS(K64,">0",O64,">0",S64,">0",W64,">0") -> 0
A65: 64 | B65: Divisópolis | C65: 3122454 | D65: 208.16 | E65: 219.01 | F65: 0 | G65: 0 | H65: 210.61 | I65: 222.64 | J65: 0 | K65: 0 | L65: 206.85 | M65: 223.48 | N65: 0 | O65: 0 | P65: 196.54 | Q65: 197.88 | R65: 0 | S65: 0 | T65: 223.03 | U65: 231.54 | V65: 0 | W65: 0 | X65: =COUNTIFS(H65,">0",L65,">0",P65,">0",T65,">0") -> 1 | Y65: =COUNTIFS(I65,">0",M65,">0",Q65,">0",U65,">0") -> 1 | Z65: =COUNTIFS(J65,">0",N65,">0",R65,">0",V65,">0") -> 0 | AA65: =COUNTIFS(K65,">0",O65,">0",S65,">0",W65,">0") -> 0
A66: 65 | B66: Dom Bosco | C66: 3122470 | D66: 0 | E66: 0 | F66: 234.85 | G66: 242.96 | H66: 214.6 | I66: 222.24 | J66: 241.92 | K66: 226.82 | L66: 203.3 | M66: 219.99 | N66: 0 | O66: 0 | P66: 186.03 | Q66: 184.8 | R66: 0 | S66: 0 | T66: 198.8 | U66: 222.01 | V66: 237.72 | W66: 237.1 | X66: =COUNTIFS(H66,">0",L66,">0",P66,">0",T66,">0") -> 1 | Y66: =COUNTIFS(I66,">0",M66,">0",Q66,">0",U66,">0") -> 1 | Z66: =COUNTIFS(J66,">0",N66,">0",R66,">0",V66,">0") -> 0 | AA66: =COUNTIFS(K66,">0",O66,">0",S66,">0",W66,">0") -> 0
A67: 66 | B67: Dores de Guanhães | C67: 3123106 | D67: 209.41 | E67: 223.12 | F67: 0 | G67: 0 | H67: 221.84 | I67: 240.28 | J67: 0 | K67: 0 | L67: 222.77 | M67: 242.59 | N67: 0 | O67: 0 | P67: 222.98 | Q67: 237.73 | R67: 0 | S67: 0 | T67: 216.35 | U67: 228.16 | V67: 0 | W67: 0 | X67: =COUNTIFS(H67,">0",L67,">0",P67,">0",T67,">0") -> 1 | Y67: =COUNTIFS(I67,">0",M67,">0",Q67,">0",U67,">0") -> 1 | Z67: =COUNTIFS(J67,">0",N67,">0",R67,">0",V67,">0") -> 0 | AA67: =COUNTIFS(K67,">0",O67,">0",S67,">0",W67,">0") -> 0
A68: 67 | B68: Engenheiro Caldas | C68: 3123700 | D68: 212.5 | E68: 225.84 | F68: 268.18 | G68: 263.99 | H68: 215.41 | I68: 229.27 | J68: 263.43 | K68: 259.99 | L68: 212.71 | M68: 229.25 | N68: 249.43 | O68: 262.16 | P68: 209.46 | Q68: 219.2 | R68: 237.36 | S68: 244.01 | T68: 206.44 | U68: 216.85 | V68: 249.67 | W68: 258.2 | X68: =COUNTIFS(H68,">0",L68,">0",P68,">0",T68,">0") -> 1 | Y68: =COUNTIFS(I68,">0",M68,">0",Q68,">0",U68,">0") -> 1 | Z68: =COUNTIFS(J68,">0",N68,">0",R68,">0",V68,">0") -> 1 | AA68: =COUNTIFS(K68,">0",O68,">0",S68,">0",W68,">0") -> 1
A69: 68 | B69: Engenheiro Navarro | C69: 3123809 | D69: 202.55 | E69: 210.14 | F69: 0 | G69: 0 | H69: 220.46 | I69: 227.86 | J69: 0 | K69: 0 | L69: 203.37 | M69: 210.23 | N69: 0 | O69: 0 | P69: 187.44 | Q69: 202.08 | R69: 0 | S69: 0 | T69: 204.12 | U69: 220.66 | V69: 0 | W69: 0 | X69: =COUNTIFS(H69,">0",L69,">0",P69,">0",T69,">0") -> 1 | Y69: =COUNTIFS(I69,">0",M69,">0",Q69,">0",U69,">0") -> 1 | Z69: =COUNTIFS(J69,">0",N69,">0",R69,">0",V69,">0") -> 0 | AA69: =COUNTIFS(K69,">0",O69,">0",S69,">0",W69,">0") -> 0
A70: 69 | B70: Espinosa | C70: 3124302 | D70: 233.19 | E70: 240.97 | F70: 0 | G70: 0 | H70: 204.6 | I70: 215.09 | J70: 0 | K70: 0 | L70: 210.49 | M70: 223.34 | N70: 0 | O70: 0 | P70: 195.26 | Q70: 203.35 | R70: 0 | S70: 0 | T70: 219.76 | U70: 233.88 | V70: 0 | W70: 0 | X70: =COUNTIFS(H70,">0",L70,">0",P70,">0",T70,">0") -> 1 | Y70: =COUNTIFS(I70,">0",M70,">0",Q70,">0",U70,">0") -> 1 | Z70: =COUNTIFS(J70,">0",N70,">0",R70,">0",V70,">0") -> 0 | AA70: =COUNTIFS(K70,">0",O70,">0",S70,">0",W70,">0") -> 0
A71: 70 | B71: Felício dos Santos | C71: 3125408 | D71: 197.92 | E71: 221.41 | F71: 0 | G71: 0 | H71: 195.41 | I71: 227.42 | J71: 0 | K71: 0 | L71: 212.66 | M71: 232.89 | N71: 0 | O71: 0 | P71: 200.2 | Q71: 216.7 | R71: 0 | S71: 0 | T71: 200.85 | U71: 209.98 | V71: 0 | W71: 0 | X71: =COUNTIFS(H71,">0",L71,">0",P71,">0",T71,">0") -> 1 | Y71: =COUNTIFS(I71,">0",M71,">0",Q71,">0",U71,">0") -> 1 | Z71: =COUNTIFS(J71,">0",N71,">0",R71,">0",V71,">0") -> 0 | AA71: =COUNTIFS(K71,">0",O71,">0",S71,">0",W71,">0") -> 0
A72: 71 | B72: Felisburgo | C72: 3125606 | D72: 201.46 | E72: 211 | F72: 0 | G72: 0 | H72: 209.71 | I72: 216.22 | J72: 0 | K72: 0 | L72: 206.45 | M72: 219.5 | N72: 0 | O72: 0 | P72: #N/A | Q72: #N/A | R72: #N/A | S72: #N/A | T72: 201.69 | U72: 207.11 | V72: 0 | W72: 0 | X72: =COUNTIFS(H72,">0",L72,">0",P72,">0",T72,">0") -> 0 | Y72: =COUNTIFS(I72,">0",M72,">0",Q72,">0",U72,">0") -> 0 | Z72: =COUNTIFS(J72,">0",N72,">0",R72,">0",V72,">0") -> 0 | AA72: =COUNTIFS(K72,">0",O72,">0",S72,">0",W72,">0") -> 0
A73: 72 | B73: Felixlândia | C73: 3125705 | D73: 195.62 | E73: 212.88 | F73: 246.01 | G73: 238.56 | H73: 215.56 | I73: 219.43 | J73: 238.35 | K73: 233.65 | L73: 217.92 | M73: 230.49 | N73: 270.68 | O73: 276.2 | P73: 203.58 | Q73: 208.75 | R73: 257.7 | S73: 258.65 | T73: 209.65 | U73: 220.42 | V73: 243.55 | W73: 246.96 | X73: =COUNTIFS(H73,">0",L73,">0",P73,">0",T73,">0") -> 1 | Y73: =COUNTIFS(I73,">0",M73,">0",Q73,">0",U73,">0") -> 1 | Z73: =COUNTIFS(J73,">0",N73,">0",R73,">0",V73,">0") -> 1 | AA73: =COUNTIFS(K73,">0",O73,">0",S73,">0",W73,">0") -> 1
A74: 73 | B74: Fernandes Tourinho | C74: 3125804 | D74: 213.3 | E74: 230.4 | F74: 0 | G74: 0 | H74: 225.36 | I74: 232.1 | J74: 0 | K74: 0 | L74: 216.61 | M74: 239.88 | N74: 0 | O74: 0 | P74: #N/A | Q74: #N/A | R74: #N/A | S74: #N/A | T74: 210.01 | U74: 216.97 | V74: 0 | W74: 0 | X74: =COUNTIFS(H74,">0",L74,">0",P74,">0",T74,">0") -> 0 | Y74: =COUNTIFS(I74,">0",M74,">0",Q74,">0",U74,">0") -> 0 | Z74: =COUNTIFS(J74,">0",N74,">0",R74,">0",V74,">0") -> 0 | AA74: =COUNTIFS(K74,">0",O74,">0",S74,">0",W74,">0") -> 0
A75: 74 | B75: Formoso | C75: 3126208 | D75: 204.45 | E75: 214.46 | F75: 0 | G75: 0 | H75: 205.53 | I75: 216.48 | J75: 281.45 | K75: 277.88 | L75: 208.64 | M75: 223.72 | N75: 263.42 | O75: 267.69 | P75: #N/A | Q75: #N/A | R75: #N/A | S75: #N/A | T75: 200.14 | U75: 213.85 | V75: 276.31 | W75: 276.95 | X75: =COUNTIFS(H75,">0",L75,">0",P75,">0",T75,">0") -> 0 | Y75: =COUNTIFS(I75,">0",M75,">0",Q75,">0",U75,">0") -> 0 | Z75: =COUNTIFS(J75,">0",N75,">0",R75,">0",V75,">0") -> 0 | AA75: =COUNTIFS(K75,">0",O75,">0",S75,">0",W75,">0") -> 0
A76: 75 | B76: Francisco Badaró | C76: 3126505 | D76: #N/A | E76: #N/A | F76: #N/A | G76: #N/A | H76: 192.76 | I76: 211.54 | J76: 0 | K76: 0 | L76: #N/A | M76: #N/A | N76: #N/A | O76: #N/A | P76: #N/A | Q76: #N/A | R76: #N/A | S76: #N/A | T76: #N/A | U76: #N/A | V76: #N/A | W76: #N/A | X76: =COUNTIFS(H76,">0",L76,">0",P76,">0",T76,">0") -> 0 | Y76: =COUNTIFS(I76,">0",M76,">0",Q76,">0",U76,">0") -> 0 | Z76: =COUNTIFS(J76,">0",N76,">0",R76,">0",V76,">0") -> 0 | AA76: =COUNTIFS(K76,">0",O76,">0",S76,">0",W76,">0") -> 0
A77: 76 | B77: Francisco Dumont | C77: 3126604 | D77: 193.71 | E77: 196.89 | F77: 256.51 | G77: 271.17 | H77: 203.58 | I77: 214.97 | J77: 0 | K77: 0 | L77: 193.49 | M77: 202.89 | N77: 240.01 | O77: 263.06 | P77: 166.86 | Q77: 176.6 | R77: 216.13 | S77: 218.1 | T77: 196.5 | U77: 214.91 | V77: 0 | W77: 0 | X77: =COUNTIFS(H77,">0",L77,">0",P77,">0",T77,">0") -> 1 | Y77: =COUNTIFS(I77,">0",M77,">0",Q77,">0",U77,">0") -> 1 | Z77: =COUNTIFS(J77,">0",N77,">0",R77,">0",V77,">0") -> 0 | AA77: =COUNTIFS(K77,">0",O77,">0",S77,">0",W77,">0") -> 0
A78: 77 | B78: Francisco Sá | C78: 3126703 | D78: 0 | E78: 0 | F78: 222.74 | G78: 213.4 | H78: 190.44 | I78: 192.85 | J78: 223.75 | K78: 215.75 | L78: 186.83 | M78: 199.03 | N78: 0 | O78: 0 | P78: 191.51 | Q78: 197.65 | R78: 212.47 | S78: 208.96 | T78: 194.77 | U78: 202.53 | V78: 235.6 | W78: 222.54 | X78: =COUNTIFS(H78,">0",L78,">0",P78,">0",T78,">0") -> 1 | Y78: =COUNTIFS(I78,">0",M78,">0",Q78,">0",U78,">0") -> 1 | Z78: =COUNTIFS(J78,">0",N78,">0",R78,">0",V78,">0") -> 0 | AA78: =COUNTIFS(K78,">0",O78,">0",S78,">0",W78,">0") -> 0
A79: 78 | B79: Franciscópolis | C79: 3126752 | D79: 216.83 | E79: 208.09 | F79: 0 | G79: 0 | H79: 195.47 | I79: 203.56 | J79: 0 | K79: 0 | L79: 190.78 | M79: 200.48 | N79: 0 | O79: 0 | P79: #N/A | Q79: #N/A | R79: #N/A | S79: #N/A | T79: 191.58 | U79: 208.9 | V79: 0 | W79: 0 | X79: =COUNTIFS(H79,">0",L79,">0",P79,">0",T79,">0") -> 0 | Y79: =COUNTIFS(I79,">0",M79,">0",Q79,">0",U79,">0") -> 0 | Z79: =COUNTIFS(J79,">0",N79,">0",R79,">0",V79,">0") -> 0 | AA79: =COUNTIFS(K79,">0",O79,">0",S79,">0",W79,">0") -> 0
A80: 79 | B80: Frei Gaspar | C80: 3126802 | D80: 189.98 | E80: 198.6 | F80: 230.38 | G80: 234.02 | H80: 191.41 | I80: 199.96 | J80: 262.9 | K80: 243.94 | L80: 188.69 | M80: 202.94 | N80: 231.36 | O80: 229.42 | P80: #N/A | Q80: #N/A | R80: #N/A | S80: #N/A | T80: 187.31 | U80: 198.79 | V80: 230.77 | W80: 228.49 | X80: =COUNTIFS(H80,">0",L80,">0",P80,">0",T80,">0") -> 0 | Y80: =COUNTIFS(I80,">0",M80,">0",Q80,">0",U80,">0") -> 0 | Z80: =COUNTIFS(J80,">0",N80,">0",R80,">0",V80,">0") -> 0 | AA80: =COUNTIFS(K80,">0",O80,">0",S80,">0",W80,">0") -> 0
A81: 80 | B81: Frei Inocêncio | C81: 3126901 | D81: 189.94 | E81: 206.77 | F81: 0 | G81: 0 | H81: 193.62 | I81: 207 | J81: 0 | K81: 0 | L81: 200.07 | M81: 211.49 | N81: 0 | O81: 0 | P81: 177.9 | Q81: 175.35 | R81: 0 | S81: 0 | T81: 190.41 | U81: 196.69 | V81: 0 | W81: 0 | X81: =COUNTIFS(H81,">0",L81,">0",P81,">0",T81,">0") -> 1 | Y81: =COUNTIFS(I81,">0",M81,">0",Q81,">0",U81,">0") -> 1 | Z81: =COUNTIFS(J81,">0",N81,">0",R81,">0",V81,">0") -> 0 | AA81: =COUNTIFS(K81,">0",O81,">0",S81,">0",W81,">0") -> 0
A82: 81 | B82: Frei Lagonegro | C82: 3126950 | D82: 0 | E82: 0 | F82: 288.97 | G82: 266.95 | H82: 0 | I82: 0 | J82: 264.47 | K82: 263.66 | L82: 206.75 | M82: 211.11 | N82: 287.72 | O82: 286.98 | P82: 0 | Q82: 0 | R82: 261.19 | S82: 265.98 | T82: 0 | U82: 0 | V82: 258.28 | W82: 249.98 | X82: =COUNTIFS(H82,">0",L82,">0",P82,">0",T82,">0") -> 0 | Y82: =COUNTIFS(I82,">0",M82,">0",Q82,">0",U82,">0") -> 0 | Z82: =COUNTIFS(J82,">0",N82,">0",R82,">0",V82,">0") -> 1 | AA82: =COUNTIFS(K82,">0",O82,">0",S82,">0",W82,">0") -> 1
A83: 82 | B83: Fronteira dos Vales | C83: 3127057 | D83: #N/A | E83: #N/A | F83: #N/A | G83: #N/A | H83: 209.3 | I83: 216.96 | J83: 259.31 | K83: 232.39 | L83: 199.68 | M83: 203.97 | N83: 0 | O83: 0 | P83: #N/A | Q83: #N/A | R83: #N/A | S83: #N/A | T83: 167.18 | U83: 174.16 | V83: 207.76 | W83: 213.35 | X83: =COUNTIFS(H83,">0",L83,">0",P83,">0",T83,">0") -> 0 | Y83: =COUNTIFS(I83,">0",M83,">0",Q83,">0",U83,">0") -> 0 | Z83: =COUNTIFS(J83,">0",N83,">0",R83,">0",V83,">0") -> 0 | AA83: =COUNTIFS(K83,">0",O83,">0",S83,">0",W83,">0") -> 0
A84: 83 | B84: Fruta de Leite | C84: 3127073 | D84: 171.41 | E84: 174.04 | F84: 0 | G84: 0 | H84: 186.58 | I84: 179.96 | J84: 0 | K84: 0 | L84: 177.62 | M84: 187.3 | N84: 0 | O84: 0 | P84: 147.05 | Q84: 158.71 | R84: 0 | S84: 0 | T84: 175.44 | U84: 182.37 | V84: 0 | W84: 0 | X84: =COUNTIFS(H84,">0",L84,">0",P84,">0",T84,">0") -> 1 | Y84: =COUNTIFS(I84,">0",M84,">0",Q84,">0",U84,">0") -> 1 | Z84: =COUNTIFS(J84,">0",N84,">0",R84,">0",V84,">0") -> 0 | AA84: =COUNTIFS(K84,">0",O84,">0",S84,">0",W84,">0") -> 0
A85: 84 | B85: Galiléia | C85: 3127305 | D85: 212.39 | E85: 225.32 | F85: 0 | G85: 0 | H85: 212.75 | I85: 220.96 | J85: 0 | K85: 0 | L85: 207.47 | M85: 216.77 | N85: 0 | O85: 0 | P85: #N/A | Q85: #N/A | R85: #N/A | S85: #N/A | T85: 209.79 | U85: 214.45 | V85: 0 | W85: 0 | X85: =COUNTIFS(H85,">0",L85,">0",P85,">0",T85,">0") -> 0 | Y85: =COUNTIFS(I85,">0",M85,">0",Q85,">0",U85,">0") -> 0 | Z85: =COUNTIFS(J85,">0",N85,">0",R85,">0",V85,">0") -> 0 | AA85: =COUNTIFS(K85,">0",O85,">0",S85,">0",W85,">0") -> 0
A86: 85 | B86: Gameleiras | C86: 3127339 | D86: 0 | E86: 0 | F86: 232.01 | G86: 235.51 | H86: 0 | I86: 0 | J86: 222.51 | K86: 213 | L86: 187.92 | M86: 215.26 | N86: 251.11 | O86: 239.55 | P86: 219.62 | Q86: 222.02 | R86: 241.02 | S86: 230.89 | T86: 183.37 | U86: 206.19 | V86: 263.55 | W86: 245.49 | X86: =COUNTIFS(H86,">0",L86,">0",P86,">0",T86,">0") -> 0 | Y86: =COUNTIFS(I86,">0",M86,">0",Q86,">0",U86,">0") -> 0 | Z86: =COUNTIFS(J86,">0",N86,">0",R86,">0",V86,">0") -> 1 | AA86: =COUNTIFS(K86,">0",O86,">0",S86,">0",W86,">0") -> 1
A87: 86 | B87: Glaucilândia | C87: 3127354 | D87: 202.28 | E87: 207.3 | F87: 0 | G87: 0 | H87: 210.8 | I87: 217.94 | J87: 0 | K87: 0 | L87: 204.66 | M87: 225.95 | N87: 0 | O87: 0 | P87: 203.65 | Q87: 218.58 | R87: 0 | S87: 0 | T87: 212.06 | U87: 215.8 | V87: 0 | W87: 0 | X87: =COUNTIFS(H87,">0",L87,">0",P87,">0",T87,">0") -> 1 | Y87: =COUNTIFS(I87,">0",M87,">0",Q87,">0",U87,">0") -> 1 | Z87: =COUNTIFS(J87,">0",N87,">0",R87,">0",V87,">0") -> 0 | AA87: =COUNTIFS(K87,">0",O87,">0",S87,">0",W87,">0") -> 0
A88: 87 | B88: Goiabeira | C88: 3127370 | D88: 206.28 | E88: 228.82 | F88: 0 | G88: 0 | H88: 224 | I88: 234.09 | J88: 0 | K88: 0 | L88: 215.93 | M88: 232.07 | N88: 0 | O88: 0 | P88: #N/A | Q88: #N/A | R88: #N/A | S88: #N/A | T88: 197.73 | U88: 227.1 | V88: 0 | W88: 0 | X88: =COUNTIFS(H88,">0",L88,">0",P88,">0",T88,">0") -> 0 | Y88: =COUNTIFS(I88,">0",M88,">0",Q88,">0",U88,">0") -> 0 | Z88: =COUNTIFS(J88,">0",N88,">0",R88,">0",V88,">0") -> 0 | AA88: =COUNTIFS(K88,">0",O88,">0",S88,">0",W88,">0") -> 0
A89: 88 | B89: Gonzaga | C89: 3127503 | D89: #N/A | E89: #N/A | F89: #N/A | G89: #N/A | H89: 222.84 | I89: 232.24 | J89: 0 | K89: 0 | L89: 213.42 | M89: 229.28 | N89: 0 | O89: 0 | P89: 208.1 | Q89: 215.62 | R89: 0 | S89: 0 | T89: 226.78 | U89: 234.33 | V89: 0 | W89: 0 | X89: =COUNTIFS(H89,">0",L89,">0",P89,">0",T89,">0") -> 1 | Y89: =COUNTIFS(I89,">0",M89,">0",Q89,">0",U89,">0") -> 1 | Z89: =COUNTIFS(J89,">0",N89,">0",R89,">0",V89,">0") -> 0 | AA89: =COUNTIFS(K89,">0",O89,">0",S89,">0",W89,">0") -> 0
A90: 89 | B90: Gouveia | C90: 3127602 | D90: #N/A | E90: #N/A | F90: #N/A | G90: #N/A | H90: 209.17 | I90: 211.25 | J90: 253 | K90: 248.76 | L90: 219.18 | M90: 235.18 | N90: 0 | O90: 0 | P90: 222.91 | Q90: 242.84 | R90: 248.04 | S90: 269.02 | T90: 234.03 | U90: 256.21 | V90: 253.01 | W90: 250.73 | X90: =COUNTIFS(H90,">0",L90,">0",P90,">0",T90,">0") -> 1 | Y90: =COUNTIFS(I90,">0",M90,">0",Q90,">0",U90,">0") -> 1 | Z90: =COUNTIFS(J90,">0",N90,">0",R90,">0",V90,">0") -> 0 | AA90: =COUNTIFS(K90,">0",O90,">0",S90,">0",W90,">0") -> 0
A91: 90 | B91: Governador Valadares | C91: 3127701 | D91: 201.76 | E91: 210.78 | F91: 245.07 | G91: 245.06 | H91: 204.54 | I91: 211.04 | J91: 245 | K91: 239.13 | L91: 205.77 | M91: 220.57 | N91: 253.48 | O91: 254.21 | P91: 200.07 | Q91: 209.94 | R91: 252.69 | S91: 257.8 | T91: 211.38 | U91: 223.66 | V91: 259.28 | W91: 254.17 | X91: =COUNTIFS(H91,">0",L91,">0",P91,">0",T91,">0") -> 1 | Y91: =COUNTIFS(I91,">0",M91,">0",Q91,">0",U91,">0") -> 1 | Z91: =COUNTIFS(J91,">0",N91,">0",R91,">0",V91,">0") -> 1 | AA91: =COUNTIFS(K91,">0",O91,">0",S91,">0",W91,">0") -> 1
A92: 91 | B92: Grão Mogol | C92: 3127800 | D92: #N/A | E92: #N/A | F92: #N/A | G92: #N/A | H92: 212.5 | I92: 223.94 | J92: 240.95 | K92: 242.05 | L92: 191.41 | M92: 202.59 | N92: 252.82 | O92: 253.09 | P92: #N/A | Q92: #N/A | R92: #N/A | S92: #N/A | T92: 211.74 | U92: 229.14 | V92: 221.9 | W92: 224.88 | X92: =COUNTIFS(H92,">0",L92,">0",P92,">0",T92,">0") -> 0 | Y92: =COUNTIFS(I92,">0",M92,">0",Q92,">0",U92,">0") -> 0 | Z92: =COUNTIFS(J92,">0",N92,">0",R92,">0",V92,">0") -> 0 | AA92: =COUNTIFS(K92,">0",O92,">0",S92,">0",W92,">0") -> 0
A93: 92 | B93: Guanhães | C93: 3128006 | D93: 222.19 | E93: 228.85 | F93: 0 | G93: 0 | H93: 224.63 | I93: 225.49 | J93: 0 | K93: 0 | L93: 225.14 | M93: 233.36 | N93: 0 | O93: 0 | P93: 211.46 | Q93: 217.76 | R93: 0 | S93: 0 | T93: 215.13 | U93: 226.58 | V93: 0 | W93: 0 | X93: =COUNTIFS(H93,">0",L93,">0",P93,">0",T93,">0") -> 1 | Y93: =COUNTIFS(I93,">0",M93,">0",Q93,">0",U93,">0") -> 1 | Z93: =COUNTIFS(J93,">0",N93,">0",R93,">0",V93,">0") -> 0 | AA93: =COUNTIFS(K93,">0",O93,">0",S93,">0",W93,">0") -> 0
A94: 93 | B94: Guaraciama | C94: 3128253 | D94: 197.59 | E94: 213.29 | F94: 0 | G94: 0 | H94: 214.32 | I94: 224.24 | J94: 0 | K94: 0 | L94: 213.33 | M94: 230.85 | N94: 0 | O94: 0 | P94: 207.99 | Q94: 209.26 | R94: 0 | S94: 0 | T94: 203.49 | U94: 207.4 | V94: 0 | W94: 0 | X94: =COUNTIFS(H94,">0",L94,">0",P94,">0",T94,">0") -> 1 | Y94: =COUNTIFS(I94,">0",M94,">0",Q94,">0",U94,">0") -> 1 | Z94: =COUNTIFS(J94,">0",N94,">0",R94,">0",V94,">0") -> 0 | AA94: =COUNTIFS(K94,">0",O94,">0",S94,">0",W94,">0") -> 0
A95: 94 | B95: Ibiaí | C95: 3129608 | D95: 193.02 | E95: 200.4 | F95: 0 | G95: 0 | H95: 192.98 | I95: 203.62 | J95: 0 | K95: 0 | L95: 183.19 | M95: 190.11 | N95: 0 | O95: 0 | P95: #N/A | Q95: #N/A | R95: #N/A | S95: #N/A | T95: 215.49 | U95: 217.75 | V95: 0 | W95: 0 | X95: =COUNTIFS(H95,">0",L95,">0",P95,">0",T95,">0") -> 0 | Y95: =COUNTIFS(I95,">0",M95,">0",Q95,">0",U95,">0") -> 0 | Z95: =COUNTIFS(J95,">0",N95,">0",R95,">0",V95,">0") -> 0 | AA95: =COUNTIFS(K95,">0",O95,">0",S95,">0",W95,">0") -> 0
A96: 95 | B96: Ibiracatu | C96: 3129657 | D96: 171.66 | E96: 192.02 | F96: 206.33 | G96: 222.61 | H96: 194.79 | I96: 202.17 | J96: 225.04 | K96: 233.62 | L96: 186.27 | M96: 211.22 | N96: 232.26 | O96: 221.32 | P96: 177.78 | Q96: 183.71 | R96: 0 | S96: 0 | T96: 172.68 | U96: 176.08 | V96: 250.86 | W96: 245.2 | X96: =COUNTIFS(H96,">0",L96,">0",P96,">0",T96,">0") -> 1 | Y96: =COUNTIFS(I96,">0",M96,">0",Q96,">0",U96,">0") -> 1 | Z96: =COUNTIFS(J96,">0",N96,">0",R96,">0",V96,">0") -> 0 | AA96: =COUNTIFS(K96,">0",O96,">0",S96,">0",W96,">0") -> 0
A97: 96 | B97: Icaraí de Minas | C97: 3130051 | D97: 206.35 | E97: 214.64 | F97: 0 | G97: 0 | H97: 189.57 | I97: 206.95 | J97: 0 | K97: 0 | L97: 210.61 | M97: 228.84 | N97: 0 | O97: 0 | P97: 197.23 | Q97: 205.48 | R97: 0 | S97: 0 | T97: 216.69 | U97: 226.68 | V97: 0 | W97: 0 | X97: =COUNTIFS(H97,">0",L97,">0",P97,">0",T97,">0") -> 1 | Y97: =COUNTIFS(I97,">0",M97,">0",Q97,">0",U97,">0") -> 1 | Z97: =COUNTIFS(J97,">0",N97,">0",R97,">0",V97,">0") -> 0 | AA97: =COUNTIFS(K97,">0",O97,">0",S97,">0",W97,">0") -> 0
A98: 97 | B98: Imbé de Minas | C98: 3130556 | D98: 207.7 | E98: 225.23 | F98: 0 | G98: 0 | H98: 209.94 | I98: 220.13 | J98: 0 | K98: 0 | L98: 206.47 | M98: 216.78 | N98: 0 | O98: 0 | P98: 185.72 | Q98: 203.45 | R98: 0 | S98: 0 | T98: 212.39 | U98: 213.07 | V98: 0 | W98: 0 | X98: =COUNTIFS(H98,">0",L98,">0",P98,">0",T98,">0") -> 1 | Y98: =COUNTIFS(I98,">0",M98,">0",Q98,">0",U98,">0") -> 1 | Z98: =COUNTIFS(J98,">0",N98,">0",R98,">0",V98,">0") -> 0 | AA98: =COUNTIFS(K98,">0",O98,">0",S98,">0",W98,">0") -> 0
A99: 98 | B99: Indaiabira | C99: 3130655 | D99: 217.18 | E99: 224.81 | F99: 252.78 | G99: 253.48 | H99: 222.87 | I99: 228.19 | J99: 234.71 | K99: 259.98 | L99: 214.68 | M99: 233.92 | N99: 244.76 | O99: 253.36 | P99: 210 | Q99: 217.55 | R99: 0 | S99: 0 | T99: 215.21 | U99: 222.34 | V99: 239.61 | W99: 243.54 | X99: =COUNTIFS(H99,">0",L99,">0",P99,">0",T99,">0") -> 1 | Y99: =COUNTIFS(I99,">0",M99,">0",Q99,">0",U99,">0") -> 1 | Z99: =COUNTIFS(J99,">0",N99,">0",R99,">0",V99,">0") -> 0 | AA99: =COUNTIFS(K99,">0",O99,">0",S99,">0",W99,">0") -> 0
A100: 99 | B100: Inhapim | C100: 3130903 | D100: 234.7 | E100: 244.64 | F100: 0 | G100: 0 | H100: 226.49 | I100: 232.92 | J100: 0 | K100: 0 | L100: 217.61 | M100: 232.34 | N100: 247.41 | O100: 265.23 | P100: 210.53 | Q100: 227.56 | R100: 0 | S100: 0 | T100: 227.4 | U100: 235.22 | V100: 289.5 | W100: 283.93 | X100: =COUNTIFS(H100,">0",L100,">0",P100,">0",T100,">0") -> 1 | Y100: =COUNTIFS(I100,">0",M100,">0",Q100,">0",U100,">0") -> 1 | Z100: =COUNTIFS(J100,">0",N100,">0",R100,">0",V100,">0") -> 0 | AA100: =COUNTIFS(K100,">0",O100,">0",S100,">0",W100,">0") -> 0
...

Sheet SAEB
A1: COD_IBGE | B1: NOM_MUN | C1: SAEB17_LP_5 | D1: SAEB17_MT_5 | E1: SAEB19_LP_5 | F1: SAEB19_MT_5 | G1: SAEB21_LP_5 | H1: SAEB21_MT_5 | I1: SAEB23_LP_5 | J1: SAEB23_MT_5
A2: 3101003 | B2: Águas Vermelhas | C2: 213.62 | D2: 219.48 | E2: 224.73 | F2: 238.65 | G2: 189.56 | H2: 196.52 | I2: 205.68 | J2: 214.12
A3: 3101102 | B3: Aimorés | C3: 220.05 | D3: 229.35 | E3: 224.19 | F3: 229.53 | G3: 208.12 | H3: 211.47 | I3: 215.43 | J3: 219.95
A4: 3101706 | B4: Almenara | C4: 192.82 | D4: 195.55 | E4: 190.15 | F4: 200.24 | G4: 191.34 | H4: 199.1 | I4: 195.77 | J4: 204.06
A5: 3101805 | B5: Alpercata | C5: 177.33 | D5: 189.95 | E5: 199.27 | F5: 211.38 | G5: 191.83 | H5: 205.35 | I5: 195.88 | J5: 198.73
A6: 3102852 | B6: Angelândia | C6: 205.97 | D6: 215.57 | E6: 214.58 | F6: 235.89 | G6: 181.85 | H6: 208.94 | I6: 215.01 | J6: 227.73
A7: 3103405 | B7: Araçuaí | C7: 201.51 | D7: 209.14 | E7: 195.62 | F7: 203.67 | G7: 180.92 | H7: 188.92 | I7: 196.17 | J7: 205.92
A8: 3104452 | B8: Aricanduva | C8: 222.21 | D8: 238.95 | E8: 228.01 | F8: 250.16 | G8: 197.66 | H8: 197.69 | I8: 211.63 | J8: 226.58
A9: 3104502 | B9: Arinos | C9: 200.62 | D9: 206.21 | E9: 204.26 | F9: 214.96 | G9: 186.49 | H9: 187.2 | I9: 203 | J9: 203.34
A10: 3104700 | B10: Ataléia | C10: 209.45 | D10: 210.48 | E10: 199.69 | F10: 209.27 | G10: 181.38 | H10: 190.36 | I10: 189.3 | J10: 206.4
A11: 3105202 | B11: Bandeira | C11: 221.48 | D11: 232.52 | E11: 202.24 | F11: 213.17 | G11: 191.48 | H11: 205.92 | I11: 211.02 | J11: 223.46
A12: 3106655 | B12: Berizal | C12: 215.55 | D12: 212.05 | E12: 209.84 | F12: 225.58 | G12: 202.18 | H12: 212.89 | I12: 209.71 | J12: 228.27
A13: 3107307 | B13: Bocaiúva | C13: 200.2 | D13: 211.93 | E13: 197.37 | F13: 207.88 | G13: 189.88 | H13: 204.9 | I13: 190.3 | J13: 203.13
... A189: 3171907 | B189: Virgolândia | C189: 221 | D189: 233.34 | E189: 200.75 | F189: 214.49 | G189: 196.58 | H189: 198.09 | I189: 222.66 | J189: 224.88

Sheet GASTO_original
A1: COD_ENTE | B1: COD_IBGE | C1: NOM_MUN | D1: NUM_ANO | E1: SIOPE_NOM | F1: SIOPE_CORR | G1: SICONFI_NOM | H1: SICONFI_CORR | I1: ENTRA?
A2: 310050 | B2: 3100500 | C2: Açucena | D2: 2015 | E2: 7887.93 | F2: 3415.39 | G2: 8869.01 | H2: 3840.19 | I2: =IFERROR(VLOOKUP(B2,SAEB!A:A,1,0),0) -> 0
A3: 310050 | B3: 3100500 | C3: Açucena | D3: 2016 | E3: 6016.98 | F3: 4419.47 | G3: 9094.65 | H3: 6680.01 | I3: =IFERROR(VLOOKUP(B3,SAEB!A:A,1,0),0) -> 0
A4: 310050 | B4: 3100500 | C4: Açucena | D4: 2017 | E4: 7254.09 | F4: 11360.64 | G4: 11384.06 | H4: 17828.59 | I4: =IFERROR(VLOOKUP(B4,SAEB!A:A,1,0),0) -> 0
A5: 310050 | B5: 3100500 | C5: Açucena | D5: 2018 | E5: 6719.32 | F5: 8278.2 | G5: 11509.4 | H5: 14179.58 | I5: =IFERROR(VLOOKUP(B5,SAEB!A:A,1,0),0) -> 0
A6: 310050 | B6: 3100500 | C6: Açucena | D6: 2019 | E6: 7898.7 | F6: 8466.82 | G6: 14124.33 | H6: 15140.23 | I6: =IFERROR(VLOOKUP(B6,SAEB!A:A,1,0),0) -> 0
A7: 310050 | B7: 3100500 | C7: Açucena | D7: 2020 | E7: 8873.14 | F7: 9069.45 | G7: 11211.79 | H7: 11459.83 | I7: =IFERROR(VLOOKUP(B7,SAEB!A:A,1,0),0) -> 0
A8: 310050 | B8: 3100500 | C8: Açucena | D8: 2021 | E8: 13872.98 | F8: 6371.09 | G8: 15418.73 | H8: 7080.97 | I8: =IFERROR(VLOOKUP(B8,SAEB!A:A,1,0),0) -> 0
A9: 310050 | B9: 3100500 | C9: Açucena | D9: 2022 | E9: 16014.08 | F9: 12778.07 | G9: 26819.15 | H9: 21399.73 | I9: =IFERROR(VLOOKUP(B9,SAEB!A:A,1,0),0) -> 0
A10: 310050 | B10: 3100500 | C10: Açucena | D10: 2023 | E10: 17396.47 | F10: 17396.47 | G10: 33334.2 | H10: 33334.2 | I10: =IFERROR(VLOOKUP(B10,SAEB!A:A,1,0),0) -> 0
A11: 310050 | B11: 3100500 | C11: Açucena | D11: 2024 | E11: 19411.56 | F11: 18567.58 | G11: 25923.54 | H11: 24796.43 | I11: =IFERROR(VLOOKUP(B11,SAEB!A:A,1,0),0) -> 0
A12: 310060 | B12: 3100609 | C12: Água Boa | D12: 2015 | E12: 15155.36 | F12: 6562.11 | G12: 15157.79 | H12: 6563.16 | I12: =IFERROR(VLOOKUP(B12,SAEB!A:A,1,0),0) -> 0
A13: 310060 | B13: 3100609 | C13: Água Boa | D13: 2016 | E13: 11097.28 | F13: 8150.94 | G13: 17499.54 | H13: 12853.4 | I13: =IFERROR(VLOOKUP(B13,SAEB!A:A,1,0),0) -> 0
... A128: 310450 | B128: 3104502 | C128: Arinos | D128: 2021 | E128: 9804.46 | F128: 4502.64 | G128: 8963.67 | H128: 4116.52 | I128: =IFERROR(VLOOKUP(B128,SAEB!A:A,1,0),0) -> 3104502
A129: 310450 | B129: 3104502 | C129: Arinos | D129: 2022 | E129: 16453.15 | F129: 13128.42 | G129: #N/A | H129: #N/A | I129: =IFERROR(VLOOKUP(B129,SAEB!A:A,1,0),0) -> 3104502
A130: 310450 | B130: 3104502 | C130: Arinos | D130: 2023 | E130: 18313.72 | F130: 18313.72 | G130: 23443.17 | H130: 23443.17 | I130: =IFERROR(VLOOKUP(B130,SAEB!A:A,1,0),0) -> 3104502
A131: 310450 | B131: 3104502 | C131: Arinos | D131: 2024 | E131: 19718.54 | F131: 18861.21 | G131: 24937.44 | H131: 23853.2 | I131: =IFERROR(VLOOKUP(B131,SAEB!A:A,1,0),0) -> 3104502
A132: 310470 | B132: 3104700 | C132: Ataléia | D132: 2015 | E132: 7240.53 | F132: 3135.07 | G132: 9064.47 | H132: 3924.82 | I132: =IFERROR(VLOOKUP(B132,SAEB!A:A,1,0),0) -> 3104700
A133: 310470 | B133: 3104700 | C133: Ataléia | D133: 2016 | E133: 10166.3 | F133: 7467.14 | G133: 12353.36 | H133: 9073.54 | I133: =IFERROR(VLOOKUP(B133,SAEB!A:A,1,0),0) -> 3104700
A134: 310470 | B134: 3104700 | C134: Ataléia | D134: 2017 | E134: 9947.96 | F134: 15579.52 | G134: 12845.73 | H134: 20117.71 | I134: =IFERROR(VLOOKUP(B134,SAEB!A:A,1,0),0) -> 3104700
A135: 310470 | B135: 3104700 | C135: Ataléia | D135: 2018 | E135: 12567.65 | F135: 15483.34 | G135: 11754.39 | H135: 14481.41 | I135: =IFERROR(VLOOKUP(B135,SAEB!A:A,1,0),0) -> 3104700
A136: 310470 | B136: 3104700 | C136: Ataléia | D136: 2019 | E136: 10714.64 | F136: 11485.3 | G136: 12441.86 | H136: 13336.75 | I136: =IFERROR(VLOOKUP(B136,SAEB!A:A,1,0),0) -> 3104700
A137: 310470 | B137: 3104700 | C137: Ataléia | D137: 2020 | E137: 12851.98 | F137: 13136.32 | G137: 11106.47 | H137: 11352.18 | I137: =IFERROR(VLOOKUP(B137,SAEB!A:A,1,0),0) -> 3104700
A138: 310470 | B138: 3104700 | C138: Ataléia | D138: 2021 | E138: 10120.36 | F138: 4647.72 | G138: 8862.68 | H138: 4070.14 | I138: =IFERROR(VLOOKUP(B138,SAEB!A:A,1,0),0) -> 3104700
A139: 310470 | B139: 3104700 | C139: Ataléia | D139: 2022 | E139: 12792.76 | F139: 10207.69 | G139: 14370.42 | H139: 11466.55 | I139: =IFERROR(VLOOKUP(B139,SAEB!A:A,1,0),0) -> 3104700
A140: 310470 | B140: 3104700 | C140: Ataléia | D140: 2023 | E140: 14593.83 | F140: 14593.83 | G140: 17720.62 | H140: 17720.62 | I140: =IFERROR(VLOOKUP(B140,SAEB!A:A,1,0),0) -> 3104700
A141: 310470 | B141: 3104700 | C141: Ataléia | D141: 2024 | E141: 15763.11 | F141: 15077.76 | G141: 22675.38 | H141: 21689.49 | I141: =IFERROR(VLOOKUP(B141,SAEB!A:A,1,0),0) -> 3104700
... A243: 310880 | B243: 3108800 | C243: Braúnas | D243: 2016 | E243: 6462.41 | F243: 4746.64 | G243: 10940.94 | H243: 8036.11 | I243: =IFERROR(VLOOKUP(B243,SAEB!A:A,1,0),0) -> 0
A244: 310880 | B244: 3108800 | C244: Braúnas | D244: 2017 | E244: 7710.81 | F244: 12075.91 | G244: #N/A | H244: #N/A | I244: =IFERROR(VLOOKUP(B244,SAEB!A:A,1,0),0) -> 0
A245: 310880 | B245: 3108800 | C245: Braúnas | D245: 2018 | E245: 8843.79 | F245: 10895.55 | G245: 12572.67 | H245: 15489.53 | I245: =IFERROR(VLOOKUP(B245,SAEB!A:A,1,0),0) -> 0
A246: 310880 | B246: 3108800 | C246: Braúnas | D246: 2019 | E246: 9133.49 | F246: 9790.42 | G246: 12286.96 | H246: 13170.71 | I246: =IFERROR(VLOOKUP(B246,SAEB!A:A,1,0),0) -> 0
A247: 310880 | B247: 3108800 | C247: Braúnas | D247: 2020 | E247: 9850.43 | F247: 10068.36 | G247: 11118.48 | H247: 11364.46 | I247: =IFERROR(VLOOKUP(B247,SAEB!A:A,1,0),0) -> 0
A248: 310880 | B248: 3108800 | C248: Braúnas | D248: 2021 | E248: 11914.29 | F248: 5471.57 | G248: 15530.14 | H248: 7132.13 | I248: =IFERROR(VLOOKUP(B248,SAEB!A:A,1,0),0) -> 0
A249: 310880 | B249: 3108800 | C249: Braúnas | D249: 2022 | E249: 17907.71 | F249: 14289.05 | G249: 31219.9 | H249: 24911.22 | I249: =IFERROR(VLOOKUP(B249,SAEB!A:A,1,0),0) -> 0
A250: 310880 | B250: 3108800 | C250: Braúnas | D250: 2023 | E250: 14943 | F250: 14943 | G250: 30387.99 | H250: 30387.99 | I250: =IFERROR(VLOOKUP(B250,SAEB!A:A,1,0),0) -> 0
A251: 310880 | B251: 3108800 | C251: Braúnas | D251: 2024 | E251: 19405.8 | F251: 18562.07 | G251: 34035.6 | H251: 32555.79 | I251: =IFERROR(VLOOKUP(B251,SAEB!A:A,1,0),0) -> 0
A252: 310920 | B252: 3109204 | C252: Buenópolis | D252: 2015 | E252: 5771.39 | F252: 2498.95 | G252: 5731.74 | H252: 2481.78 | I252: =IFERROR(VLOOKUP(B252,SAEB!A:A,1,0),0) -> 3109204
A253: 310920 | B253: 3109204 | C253: Buenópolis | D253: 2016 | E253: 6040.11 | F253: 4436.46 | G253: 5933.24 | H253: 4357.96 | I253: =IFERROR(VLOOKUP(B253,SAEB!A:A,1,0),0) -> 3109204
A254: 310920 | B254: 3109204 | C254: Buenópolis | D254: 2017 | E254: 6519.79 | F254: 10210.65 | G254: 6878.21 | H254: 10771.98 | I254: =IFERROR(VLOOKUP(B254,SAEB!A:A,1,0),0) -> 3109204
A255: 310920 | B255: 3109204 | C255: Buenópolis | D255: 2018 | E255: 6359.48 | F255: 7834.88 | G255: 6999.62 | H255: 8623.53 | I255: =IFERROR(VLOOKUP(B255,SAEB!A:A,1,0),0) -> 3109204
A256: 310920 | B256: 3109204 | C256: Buenópolis | D256: 2019 | E256: 7754.33 | F256: 8312.07 | G256: 7820.87 | H256: 8383.39 | I256: =IFERROR(VLOOKUP(B256,SAEB!A:A,1,0),0) -> 3109204
... A263: 310940 | B263: 3109402 | C263: Buritizeiro | D263: 2016 | E263: 7465.15 | F263: 5483.15 | G263: 7262.85 | H263: 5334.56 | I263: =IFERROR(VLOOKUP(B263,SAEB!A:A,1,0),0) -> 3109402
A264: 310940 | B264: 3109402 | C264: Buritizeiro | D264: 2017 | E264: 8718.28 | F264: 13653.71 | G264: #N/A | H264: #N/A | I264: =IFERROR(VLOOKUP(B264,SAEB!A:A,1,0),0) -> 3109402
A265: 310940 | B265: 3109402 | C265: Buritizeiro | D265: 2018 | E265: 8154.36 | F265: 10046.17 | G265: 8781.7 | H265: 10819.05 | I265: =IFERROR(VLOOKUP(B265,SAEB!A:A,1,0),0) -> 3109402
A266: 310940 | B266: 3109402 | C266: Buritizeiro | D266: 2019 | E266: 8875.49 | F266: 9513.87 | G266: 10050.2 | H266: 10773.07 | I266: =IFERROR(VLOOKUP(B266,SAEB!A:A,1,0),0) -> 3109402
A267: 310940 | B267: 3109402 | C267: Buritizeiro | D267: 2020 | E267: 9247.5 | F267: 9452.09 | G267: 8189.49 | H267: 8370.67 | I267: =IFERROR(VLOOKUP(B267,SAEB!A:A,1,0),0) -> 3109402
A268: 310940 | B268: 3109402 | C268: Buritizeiro | D268: 2021 | E268: 10661.05 | F268: 4896.03 | G268: 7540.97 | H268: 3463.15 | I268: =IFERROR(VLOOKUP(B268,SAEB!A:A,1,0),0) -> 3109402
A269: 310940 | B269: 3109402 | C269: Buritizeiro | D269: 2022 | E269: 12699.53 | F269: 10133.3 | G269: 15834.81 | H269: 12635.03 | I269: =IFERROR(VLOOKUP(B269,SAEB!A:A,1,0),0) -> 3109402
A270: 310940 | B270: 3109402 | C270: Buritizeiro | D270: 2023 | E270: 18015.26 | F270: 18015.26 | G270: 16462.46 | H270: 16462.46 | I270: =IFERROR(VLOOKUP(B270,SAEB!A:A,1,0),0) -> 3109402
A271: 310940 | B271: 3109402 | C271: Buritizeiro | D271: 2024 | E271: 14304.75 | F271: 13682.8 | G271: 16984.1 | H271: 16245.66 | I271: =IFERROR(VLOOKUP(B271,SAEB!A:A,1,0),0) -> 3109402
A272: 311080 | B272: 3110806 | C272: Campanário | D272: 2015 | E272: 7629.87 | F272: 3303.66 | G272: 7871.63 | H272: 3408.33 | I272: =IFERROR(VLOOKUP(B272,SAEB!A:A,1,0),0) -> 3110806
A273: 311080 | B273: 3110806 | C273: Campanário | D273: 2016 | E273: 8077.46 | F273: 5932.89 | G273: 11239.95 | H273: 8255.73 | I273: =IFERROR(VLOOKUP(B273,SAEB!A:A,1,0),0) -> 3110806
A274: 311080 | B274: 3110806 | C274: Campanário | D274: 2017 | E274: 8986.24 | F274: 14073.37 | G274: 9230.98 | H274: 14456.65 | I274: =IFERROR(VLOOKUP(B274,SAEB!A:A,1,0),0) -> 3110806
A275: 311080 | B275: 3110806 | C275: Campanário | D275: 2018 | E275: 9932.46 | F275: 12236.79 | G275: 10104.71 | H275: 12449 | I275: =IFERROR(VLOOKUP(B275,SAEB!A:A,1,0),0) -> 3110806
A276: 311080 | B276: 3110806 | C276: Campanário | D276: 2019 | E276: 10040.91 | F276: 10763.11 | G276: 9593.98 | H276: 10284.03 | I276: =IFERROR(VLOOKUP(B276,SAEB!A:A,1,0),0) -> 3110806
... A394: 311570 | B394: 3115706 | C394: Central de Minas | D394: 2017 | E394: 6228.43 | F394: 9754.35 | G394: 5576.01 | H394: 8732.6 | I394: =IFERROR(VLOOKUP(B394,SAEB!A:A,1,0),0) -> 0
A395: 311570 | B395: 3115706 | C395: Central de Minas | D395: 2018 | E395: 5461.17 | F395: 6728.16 | G395: #N/A | H395: #N/A | I395: =IFERROR(VLOOKUP(B395,SAEB!A:A,1,0),0) -> 0
A396: 311570 | B396: 3115706 | C396: Central de Minas | D396: 2019 | E396: 7722 | F396: 8277.41 | G396: 7265.59 | H396: 7788.18 | I396: =IFERROR(VLOOKUP(B396,SAEB!A:A,1,0),0) -> 0
A397: 311570 | B397: 3115706 | C397: Central de Minas | D397: 2020 | E397: 8015.25 | F397: 8192.58 | G397: 6980.75 | H397: 7135.19 | I397: =IFERROR(VLOOKUP(B397,SAEB!A:A,1,0),0) -> 0
A398: 311570 | B398: 3115706 | C398: Central de Minas | D398: 2021 | E398: 10824.83 | F398: 4971.24 | G398: 10875.26 | H398: 4994.41 | I398: =IFERROR(VLOOKUP(B398,SAEB!A:A,1,0),0) -> 0
A399: 311570 | B399: 3115706 | C399: Central de Minas | D399: 2022 | E399: 15168.18 | F399: 12103.11 | G399: 21132.6 | H399: 16862.28 | I399: =IFERROR(VLOOKUP(B399,SAEB!A:A,1,0),0) -> 0
A400: 311570 | B400: 3115706 | C400: Central de Minas | D400: 2023 | E400: 17589.03 | F400: 17589.03 | G400: 21983.33 | H400: 21983.33 | I400: =IFERROR(VLOOKUP(B400,SAEB!A:A,1,0),0) -> 0
A401: 311570 | B401: 3115706 | C401: Central de Minas | D401: 2024 | E401: 18986.77 | F401: 18161.26 | G401: 14986.13 | H401: 14334.56 | I401: =IFERROR(VLOOKUP(B401,SAEB!A:A,1,0),0) -> 0
A402: 311610 | B402: 3116100 | C402: Chapada do Norte | D402: 2015 | E402: 13095.89 | F402: 5670.39 | G402: 15722.88 | H402: 6807.85 | I402: =IFERROR(VLOOKUP(B402,SAEB!A:A,1,0),0) -> 3116100
A403: 311610 | B403: 3116100 | C403: Chapada do Norte | D403: 2016 | E403: 9884.51 | F403: 7260.16 | G403: 17348.21 | H403: 12742.24 | I403: =IFERROR(VLOOKUP(B403,SAEB!A:A,1,0),0) -> 3116100
A404: 311610 | B404: 3116100 | C404: Chapada do Norte | D404: 2017 | E404: 7186.44 | F404: 11254.7 | G404: 16175.61 | H404: 25332.65 | I404: =IFERROR(VLOOKUP(B404,SAEB!A:A,1,0),0) -> 3116100
A405: 311610 | B405: 3116100 | C405: Chapada do Norte | D405: 2018 | E405: 11998.45 | F405: 14782.09 | G405: 14571.1 | H405: 17951.6 | I405: =IFERROR(VLOOKUP(B405,SAEB!A:A,1,0),0) -> 3116100
A406: 311610 | B406: 3116100 | C406: Chapada do Norte | D406: 2019 | E406: 8908.67 | F406: 9549.43 | G406: 16483.63 | H406: 17669.22 | I406: =IFERROR(VLOOKUP(B406,SAEB!A:A,1,0),0) -> 3116100
A407: 311610 | B407: 3116100 | C407: Chapada do Norte | D407: 2020 | E407: 10826.66 | F407: 11066.19 | G407: 13113.59 | H407: 13403.72 | I407: =IFERROR(VLOOKUP(B407,SAEB!A:A,1,0),0) -> 3116100
... A421: 311615 | B421: 3116159 | C421: Chapada Gaúcha | D421: 2024 | E421: 13984.69 | F421: 13376.66 | G421: 13620.51 | H421: 13028.31 | I421: =IFERROR(VLOOKUP(B421,SAEB!A:A,1,0),0) -> 3116159
A422: 311650 | B422: 3116506 | C422: Claro dos Poções | D422: 2015 | E422: 6180.11 | F422: 2675.92 | G422: #N/A | H422: #N/A | I422: =IFERROR(VLOOKUP(B422,SAEB!A:A,1,0),0) -> 3116506
A423: 311650 | B423: 3116506 | C423: Claro dos Poções | D423: 2016 | E423: 5622.45 | F423: 4129.69 | G423: 9730.92 | H423: 7147.36 | I423: =IFERROR(VLOOKUP(B423,SAEB!A:A,1,0),0) -> 3116506
A424: 311650 | B424: 3116506 | C424: Claro dos Poções | D424: 2017 | E424: 6020.35 | F424: 9428.48 | G424: 8990.47 | H424: 14080 | I424: =IFERROR(VLOOKUP(B424,SAEB!A:A,1,0),0) -> 3116506
A425: 311650 | B425: 3116506 | C425: Claro dos Poções | D425: 2018 | E425: 6063.84 | F425: 7470.65 | G425: 7920.44 | H425: 9757.99 | I425: =IFERROR(VLOOKUP(B425,SAEB!A:A,1,0),0) -> 3116506
A426: 311650 | B426: 3116506 | C426: Claro dos Poções | D426: 2019 | E426: 6570.2 | F426: 7042.77 | G426: 9307.2 | H426: 9976.63 | I426: =IFERROR(VLOOKUP(B426,SAEB!A:A,1,0),0) -> 3116506
A427: 311650 | B427: 3116506 | C427: Claro dos Poções | D427: 2020 | E427: 7726.48 | F427: 7897.42 | G427: 7961.8 | H427: 8137.95 | I427: =IFERROR(VLOOKUP(B427,SAEB!A:A,1,0),0) -> 3116506
A428: 311650 | B428: 3116506 | C428: Claro dos Poções | D428: 2021 | E428: 9768.85 | F428: 4486.29 | G428: 9951.14 | H428: 4570.01 | I428: =IFERROR(VLOOKUP(B428,SAEB!A:A,1,0),0) -> 3116506
A429: 311650 | B429: 3116506 | C429: Claro dos Poções | D429: 2022 | E429: 11755.94 | F429: 9380.39 | G429: 15001.52 | H429: 11970.13 | I429: =IFERROR(VLOOKUP(B429,SAEB!A:A,1,0),0) -> 3116506
A430: 311650 | B430: 3116506 | C430: Claro dos Poções | D430: 2023 | E430: 11155.52 | F430: 11155.52 | G430: 15095.25 | H430: 15095.25 | I430: =IFERROR(VLOOKUP(B430,SAEB!A:A,1,0),0) -> 3116506
A431: 311650 | B431: 3116506 | C431: Claro dos Poções | D431: 2024 | E431: 11764.47 | F431: 11252.97 | G431: 17015.57 | H431: 16275.76 | I431: =IFERROR(VLOOKUP(B431,SAEB!A:A,1,0),0) -> 3116506
A432: 311680 | B432: 3116803 | C432: Coluna | D432: 2015 | E432: 7137.23 | F432: 3090.35 | G432: 6813.65 | H432: 2950.24 | I432: =IFERROR(VLOOKUP(B432,SAEB!A:A,1,0),0) -> 3116803
A433: 311680 | B433: 3116803 | C433: Coluna | D433: 2016 | E433: 6385.15 | F433: 4689.89 | G433: 8504.73 | H433: 6246.72 | I433: =IFERROR(VLOOKUP(B433,SAEB!A:A,1,0),0) -> 3116803
A434: 311680 | B434: 3116803 | C434: Coluna | D434: 2017 | E434: 7102.03 | F434: 11122.5 | G434: 9338.83 | H434: 14625.56 | I434: =IFERROR(VLOOKUP(B434,SAEB!A:A,1,0),0) -> 3116803
... A535: 312015 | B535: 3120151 | C535: Crisólita | D535: 2018 | E535: 5558.22 | F535: 6847.73 | G535: 6916.25 | H535: 8520.82 | I535: =IFERROR(VLOOKUP(B535,SAEB!A:A,1,0),0) -> 3120151
A536: 312015 | B536: 3120151 | C536: Crisólita | D536: 2019 | E536: 6163.81 | F536: 6607.15 | G536: #N/A | H536: #N/A | I536: =IFERROR(VLOOKUP(B536,SAEB!A:A,1,0),0) -> 3120151
A537: 312015 | B537: 3120151 | C537: Crisólita | D537: 2020 | E537: 6965.67 | F537: 7119.78 | G537: 5824.38 | H537: 5953.24 | I537: =IFERROR(VLOOKUP(B537,SAEB!A:A,1,0),0) -> 3120151
A538: 312015 | B538: 3120151 | C538: Crisólita | D538: 2021 | E538: 10162 | F538: 4666.84 | G538: 9069.88 | H538: 4165.29 | I538: =IFERROR(VLOOKUP(B538,SAEB!A:A,1,0),0) -> 3120151
A539: 312015 | B539: 3120151 | C539: Crisólita | D539: 2022 | E539: 12085.08 | F539: 9643.02 | G539: 14523.32 | H539: 11588.55 | I539: =IFERROR(VLOOKUP(B539,SAEB!A:A,1,0),0) -> 3120151
A540: 312015 | B540: 3120151 | C540: Crisólita | D540: 2023 | E540: 13493.41 | F540: 13493.41 | G540: 17491.32 | H540: 17491.32 | I540: =IFERROR(VLOOKUP(B540,SAEB!A:A,1,0),0) -> 3120151
A541: 312015 | B541: 3120151 | C541: Crisólita | D541: 2024 | E541: 17549.64 | F541: 16786.61 | G541: 16939.95 | H541: 16203.43 | I541: =IFERROR(VLOOKUP(B541,SAEB!A:A,1,0),0) -> 3120151
A542: 312030 | B542: 3120300 | C542: Cristália | D542: 2015 | E542: 5212.33 | F542: 2256.89 | G542: 6519.13 | H542: 2822.72 | I542: =IFERROR(VLOOKUP(B542,SAEB!A:A,1,0),0) -> 0
A543: 312030 | B543: 3120300 | C543: Cristália | D543: 2016 | E543: 4120.74 | F543: 3026.68 | G543: 7044.94 | H543: 5174.5 | I543: =IFERROR(VLOOKUP(B543,SAEB!A:A,1,0),0) -> 0
A544: 312030 | B544: 3120300 | C544: Cristália | D544: 2017 | E544: 6190.18 | F544: 9694.45 | G544: 7791.31 | H544: 12201.99 | I544: =IFERROR(VLOOKUP(B544,SAEB!A:A,1,0),0) -> 0
A545: 312030 | B545: 3120300 | C545: Cristália | D545: 2018 | E545: 6257.72 | F545: 7709.51 | G545: 8308.75 | H545: 10236.38 | I545: =IFERROR(VLOOKUP(B545,SAEB!A:A,1,0),0) -> 0
A546: 312030 | B546: 3120300 | C546: Cristália | D546: 2019 | E546: 6183.66 | F546: 6628.42 | G546: 8059.71 | H546: 8639.41 | I546: =IFERROR(VLOOKUP(B546,SAEB!A:A,1,0),0) -> 0
A547: 312030 | B547: 3120300 | C547: Cristália | D547: 2020 | E547: 6425.24 | F547: 6567.39 | G547: 7345.85 | H547: 7508.37 | I547: =IFERROR(VLOOKUP(B547,SAEB!A:A,1,0),0) -> 0
A548: 312030 | B548: 3120300 | C548: Cristália | D548: 2021 | E548: 7363.44 | F548: 3381.62 | G548: 7963.24 | H548: 3657.07 | I548: =IFERROR(VLOOKUP(B548,SAEB!A:A,1,0),0) -> 0
... A844: 312730 | B844: 3127305 | C844: Galiléia | D844: 2017 | E844: 8420.68 | F844: 13187.64 | G844: 5132.43 | H844: 8037.91 | I844: =IFERROR(VLOOKUP(B844,SAEB!A:A,1,0),0) -> 0
A845: 312730 | B845: 3127305 | C845: Galiléia | D845: 2018 | E845: 5135.34 | F845: 6326.74 | G845: #N/A | H845: #N/A | I845: =IFERROR(VLOOKUP(B845,SAEB!A:A,1,0),0) -> 0
A846: 312730 | B846: 3127305 | C846: Galiléia | D846: 2019 | E846: 7464.38 | F846: 8001.26 | G846: 7472.67 | H846: 8010.15 | I846: =IFERROR(VLOOKUP(B846,SAEB!A:A,1,0),0) -> 0
...

Sheet GASTO
A1: COD_ENTE | B1: COD_IBGE | C1: NOM_MUN | D1: NUM_ANO | E1: SIOPE_NOM | F1: SIOPE_CORR | G1: SICONFI_NOM | H1: SICONFI_CORR
A2: 310100 | B2: 3101003 | C2: Águas Vermelhas | D2: 2015 | E2: 7437.25 | F2: 11211.35 | G2: 6309.96 | H2: 9512.0125
A3: 310100 | B3: 3101003 | C3: Águas Vermelhas | D3: 2016 | E3: 7762.69 | F3: 11009.652 | G3: 9434.29 | H3: 13380.443
A4: 310100 | B4: 3101003 | C4: Águas Vermelhas | D4: 2017 | E4: 7678.3 | F4: 10578.18 | G4: 9783.25 | H4: 13478.113
A5: 310100 | B5: 3101003 | C5: Águas Vermelhas | D5: 2018 | E5: 9331.74 | F5: 12391.929 | G5: 10470.37 | H5: 13903.948
A6: 310100 | B6: 3101003 | C6: Águas Vermelhas | D6: 2019 | E6: 8769.95 | F6: 11165.122 | G6: 12178.48 | H6: 15504.562
A7: 310100 | B7: 3101003 | C7: Águas Vermelhas | D7: 2020 | E7: 9709.96 | F7: 11827.554 | G7: 8622.01 | H7: 10502.338
A8: 310100 | B8: 3101003 | C8: Águas Vermelhas | D8: 2021 | E8: 9960.77 | F8: 11023.945 | G8: 7249.96 | H8: 8023.7951
A9: 310100 | B9: 3101003 | C9: Águas Vermelhas | D9: 2022 | E9: 12979.18 | F9: 13578.973 | G9: 14113.27 | H9: 14765.471
A10: 310100 | B10: 3101003 | C10: Águas Vermelhas | D10: 2023 | E10: 14605.44 | F10: 14605.44 | G10: 19737.56 | H10: 19737.564
A11: 310100 | B11: 3101003 | C11: Águas Vermelhas | D11: 2024 | E11: 12322.2 | F11: 11754.325 | G11: 13900.33 | H11: 13259.722
A12: 310110 | B12: 3101102 | C12: Aimorés | D12: 2015 | E12: 5163.57 | F12: 7783.8706 | G12: 5042.91 | H12: 7601.9835
A13: 310110 | B13: 3101102 | C13: Aimorés | D13: 2016 | E13: 6444.05 | F13: 9139.454 | G13: 6853.61 | H13: 9720.3219
... A1881: 317190 | B1881: 3171907 | C1881: Virgolândia | D1881: 2024 | E1881: 17609.32 | F1881: 16797.786 | G1881: 21131.5 | H1881: 20157.646

Sheet SICONFI
A1: KEY | B1: ano_exercicio | C1: id_ente | D1: ente | E1: CTef | F1: QTD_est | G1: Custo_est_nom | H1: Custo_est_corr
A2: =B2&C2 -> 20153100500 | B2: 2015 | C2: 3100500 | D2: Açucena | E2: 4611887.5 | F2: =VLOOKUP(B2&C2,CENSO!A:G,7,0) -> 520 | G2: =E2/F2 -> 8869.0144 | H2: =G2*(IPCA!$B$10/VLOOKUP(B2,IPCA!A:B,2,0)) -> 13369.676
A3: =B3&C3 -> 20153100609 | B3: 2015 | C3: 3100609 | D3: Água Boa | E3: 4729229 | F3: =VLOOKUP(B3&C3,CENSO!A:G,7,0) -> 312 | G3: =E3/F3 -> 15157.785 | H3: =G3*(IPCA!$B$10/VLOOKUP(B3,IPCA!A:B,2,0)) -> 22849.741
A4: =B4&C4 -> 20153100906 | B4: 2015 | C4: 3100906 | D4: Águas Formosas | E4: 4347332 | F4: =VLOOKUP(B4&C4,CENSO!A:G,7,0) -> 415 | G4: =E4/F4 -> 10475.499 | H4: =G4*(IPCA!$B$10/VLOOKUP(B4,IPCA!A:B,2,0)) -> 15791.386
A5: =B5&C5 -> 20153101003 | B5: 2015 | C5: 3101003 | D5: Águas Vermelhas | E5: 2763764.2 | F5: =VLOOKUP(B5&C5,CENSO!A:G,7,0) -> 438 | G5: =E5/F5 -> 6309.9639 | H5: =G5*(IPCA!$B$10/VLOOKUP(B5,IPCA!A:B,2,0)) -> 9512.0125
A6: =B6&C6 -> 20153101102 | B6: 2015 | C6: 3101102 | D6: Aimorés | E6: 6626386.3 | F6: =VLOOKUP(B6&C6,CENSO!A:G,7,0) -> 1314 | G6: =E6/F6 -> 5042.9119 | H6: =G6*(IPCA!$B$10/VLOOKUP(B6,IPCA!A:B,2,0)) -> 7601.9835
A7: =B7&C7 -> 20153101706 | B7: 2015 | C7: 3101706 | D7: Almenara | E7: 14645710 | F7: =VLOOKUP(B7&C7,CENSO!A:G,7,0) -> 4079 | G7: =E7/F7 -> 3590.5149 | H7: =G7*(IPCA!$B$10/VLOOKUP(B7,IPCA!A:B,2,0)) -> 5412.5544
A8: =B8&C8 -> 20153101805 | B8: 2015 | C8: 3101805 | D8: Alpercata | E8: 4082299.2 | F8: =VLOOKUP(B8&C8,CENSO!A:G,7,0) -> 765 | G8: =E8/F8 -> 5336.3388 | H8: =G8*(IPCA!$B$10/VLOOKUP(B8,IPCA!A:B,2,0)) -> 8044.3124
A9: =B9&C9 -> 20153102209 | B9: 2015 | C9: 3102209 | D9: Alvarenga | E9: 1405547.1 | F9: =VLOOKUP(B9&C9,CENSO!A:G,7,0) -> 197 | G9: =E9/F9 -> 7134.7569 | H9: =G9*(IPCA!$B$10/VLOOKUP(B9,IPCA!A:B,2,0)) -> 10755.354
A10: =B10&C10 -> 20153102852 | B10: 2015 | C10: 3102852 | D10: Angelândia | E10: 4355671.9 | F10: =VLOOKUP(B10&C10,CENSO!A:G,7,0) -> 554 | G10: =E10/F10 -> 7862.2236 | H10: =G10*(IPCA!$B$10/VLOOKUP(B10,IPCA!A:B,2,0)) -> 11851.98
A11: =B11&C11 -> 20153103405 | B11: 2015 | C11: 3103405 | D11: Araçuaí | E11: 6045982.8 | F11: =VLOOKUP(B11&C11,CENSO!A:G,7,0) -> 1197 | G11: =E11/F11 -> 5050.9464 | H11: =G11*(IPCA!$B$10/VLOOKUP(B11,IPCA!A:B,2,0)) -> 7614.0951
A12: =B12&C12 -> 20153104452 | B12: 2015 | C12: 3104452 | D12: Aricanduva | E12: 2470841.8 | F12: =VLOOKUP(B12&C12,CENSO!A:G,7,0) -> 277 | G12: =E12/F12 -> 8920.0066 | H12: =G12*(IPCA!$B$10/VLOOKUP(B12,IPCA!A:B,2,0)) -> 13446.545
A13: =B13&C13 -> 20153104502 | B13: 2015 | C13: 3104502 | D13: Arinos | E13: 10781053 | F13: =VLOOKUP(B13&C13,CENSO!A:G,7,0) -> 1155 | G13: =E13/F13 -> 9334.2454 | H13: =G13*(IPCA!$B$10/VLOOKUP(B13,IPCA!A:B,2,0)) -> 14070.993
... A2643: =B2643&C2643 -> 20213166709 | B2643: 2021 | C2643: 3166709 | D2643: Serra dos Aimorés | E2643: 3912631.4 | F2643: =VLOOKUP(B2643&C2643,CENSO!A:G,7,0) -> 327 | G2643: =E2643/F2643 -> 11965.234 | H2643: =G2643*(IPCA!$B$10/VLOOKUP(B2643,IPCA!A:B,2,0)) -> 13242.358

Sheet SICONFI_calc
A1: ano_exercicio | B1: id_ente | C1: ente | D1: coluna | E1: conta | F1: valor | G1: CDT | H1: Pef | I1: CIadm | J1: CTef
A2: 2015 | B2: 3100500 | C2: Açucena | D2: Despesas Liquidadas | E2: 12 - Educação | F2: 5403110.8 | G2: 4840933 | H2: 0.95268567 | I2: 0 | J2: 0
A3: 2015 | B3: 3100500 | C3: Açucena | D3: Despesas Liquidadas | E3: 12.361 - Ensino Fundamental | F3: 4611887.5 | I3: 0 | J3: 4611887.5
A4: 2015 | B4: 3100500 | C4: Açucena | D4: Despesas Liquidadas | E4: 12.365 - Educação Infantil | F4: 229045.48 | I4: 0 | J4: 0
A5: 2015 | B5: 3100500 | C5: Açucena | D5: Despesas Liquidadas | E5: 12.999 - Demais Subfunções Educação | F5: 562177.87 | I5: 0 | J5: 0
A6: 2015 | B6: 3100609 | C6: Água Boa | D6: Despesas Liquidadas | E6: 12 - Educação | F6: 6748007.2 | G6: 6107425.6 | H6: 0.77434082 | I6: 0 | J6: 0
A7: 2015 | B7: 3100609 | C7: Água Boa | D7: Despesas Liquidadas | E7: 12.361 - Ensino Fundamental | F7: 4729229 | I7: 0 | J7: 4729229
A8: 2015 | B8: 3100609 | C8: Água Boa | D8: Despesas Liquidadas | E8: 12.365 - Educação Infantil | F8: 1341622.6 | I8: 0 | J8: 0
A9: 2015 | B9: 3100609 | C9: Água Boa | D9: Despesas Liquidadas | E9: 12.366 - Educação de Jovens e Adultos | F9: 17666.81 | I9: 0 | J9: 0
A10: 2015 | B10: 3100609 | C10: Água Boa | D10: Despesas Liquidadas | E10: 12.367 - Educação Especial | F10: 18907.27 | I10: 0 | J10: 0
A11: 2015 | B11: 3100609 | C11: Água Boa | D11: Despesas Liquidadas | E11: 12.999 - Demais Subfunções Educação | F11: 640581.65 | I11: 0 | J11: 0
A12: 2015 | B12: 3100906 | C12: Águas Formosas | D12: Despesas Liquidadas | E12: 12 - Educação | F12: 7753781.6 | G12: 6700546.6 | H12: 0.64880259 | I12: 0 | J12: 0
A13: 2015 | B13: 3100906 | C13: Águas Formosas | D13: Despesas Liquidadas | E13: 12.361 - Ensino Fundamental | F13: 4347332 | I13: 0 | J13: 4347332
A14: 2015 | B14: 3100906 | C14: Águas Formosas | D14: Despesas Liquidadas | E14: 12.364 - Ensino Superior | F14: 30751.05 | I14: 0 | J14: 0
A15: 2015 | B15: 3100906 | C15: Águas Formosas | D15: Despesas Liquidadas | E15: 12.365 - Educação Infantil | F15: 2292463.6 | I15: 0 | J15: 0
A16: 2015 | B16: 3100906 | C16: Águas Formosas | D16: Despesas Liquidadas | E16: 12.367 - Educação Especial | F16: 30000 | I16: 0 | J16: 0
A17: 2015 | B17: 3100906 | C17: Águas Formosas | D17: Despesas Liquidadas | E17: 12.999 - Demais Subfunções Educação | F17: 1053235 | I17: 0 | J17: 0
A18: 2015 | B18: 3101003 | C18: Águas Vermelhas | D18: Despesas Liquidadas | E18: 12 - Educação | F18: 4554690.3 | G18: 3428667.4 | H18: 0.80607532 | I18: 0 | J18: 0
A19: 2015 | B19: 3101003 | C19: Águas Vermelhas | D19: Despesas Liquidadas | E19: 12.361 - Ensino Fundamental | F19: 2763764.2 | I19: 0 | J19: 2763764.2
A20: 2015 | B20: 3101003 | C20: Águas Vermelhas | D20: Despesas Liquidadas | E20: 12.364 - Ensino Superior | F20: 9000 | I20: 0 | J20: 0
A21: 2015 | B21: 3101003 | C21: Águas Vermelhas | D21: Despesas Liquidadas | E21: 12.365 - Educação Infantil | F21: 654811.71 | I21: 0 | J21: 0
A22: 2015 | B22: 3101003 | C22: Águas Vermelhas | D22: Despesas Liquidadas | E22: 12.366 - Educação de Jovens e Adultos | F22: 1091.5 | I22: 0 | J22: 0
A23: 2015 | B23: 3101003 | C23: Águas Vermelhas | D23: Despesas Liquidadas | E23: 12.999 - Demais Subfunções Educação | F23: 1126022.9 | I23: 0 | J23: 0
A24: 2015 | B24: 3101102 | C24: Aimorés | D24: Despesas Liquidadas | E24: 12 - Educação | F24: 10212591 | G24: 6991141.9 | H24: 0.94782603 | I24: 0 | J24: 0
A25: 2015 | B25: 3101102 | C25: Aimorés | D25: Despesas Liquidadas | E25: 12.361 - Ensino Fundamental | F25: 6626386.3 | I25: 0 | J25: 6626386.3
A26: 2015 | B26: 3101102 | C26: Aimorés | D26: Despesas Liquidadas | E26: 12.364 - Ensino Superior | F26: 158502.01 | I26: 0 | J26: 0
A27: 2015 | B27: 3101102 | C27: Aimorés | D27: Despesas Liquidadas | E27: 12.365 - Educação Infantil | F27: 203493.84 | I27: 0 | J27: 0
A28: 2015 | B28: 3101102 | C28: Aimorés | D28: Despesas Liquidadas | E28: 12.367 - Educação Especial | F28: 2759.8 | I28: 0 | J28: 0
A29: 2015 | B29: 3101102 | C29: Aimorés | D29: Despesas Liquidadas | E29: 12.999 - Demais Subfunções Educação | F29: 3221449.3 | I29: 0 | J29: 0
A30: 2015 | B30: 3101706 | C30: Almenara | D30: Despesas Liquidadas | E30: 12 - Educação | F30: 23065392 | G30: 17486903 | H30: 0.83752456 | I30: 0 | J30: 0
A31: 2015 | B31: 3101706 | C31: Almenara | D31: Despesas Liquidadas | E31: 12.361 - Ensino Fundamental | F31: 14645710 | I31: 0 | J31: 14645710
A32: 2015 | B32: 3101706 | C32: Almenara | D32: Despesas Liquidadas | E32: 12.364 - Ensino Superior | F32: 67098.44 | I32: 0 | J32: 0
A33: 2015 | B33: 3101706 | C33: Almenara | D33: Despesas Liquidadas | E33: 12.365 - Educação Infantil | F33: 2774093.8 | I33: 0 | J33: 0
A34: 2015 | B34: 3101706 | C34: Almenara | D34: Despesas Liquidadas | E34: 12.999 - Demais Subfunções Educação | F34: 5578488.9 | I34: 0 | J34: 0
A35: 2015 | B35: 3101805 | C35: Alpercata | D35: Despesas Liquidadas | E35: 12 - Educação | F35: 5636362.7 | G35: 4459946.6 | H35: 0.91532467 | I35: 0 | J35: 0
A36: 2015 | B36: 3101805 | C36: Alpercata | D36: Despesas Liquidadas | E36: 12.361 - Ensino Fundamental | F36: 4082299.2 | I36: 0 | J36: 4082299.2
A37: 2015 | B37: 3101805 | C37: Alpercata | D37: Despesas Liquidadas | E37: 12.365 - Educação Infantil | F37: 377647.45 | I37: 0 | J37: 0
A38: 2015 | B38: 3101805 | C38: Alpercata | D38: Despesas Liquidadas | E38: 12.999 - Demais Subfunções Educação | F38: 1176416.1 | I38: 0 | J38: 0
A39: 2015 | B39: 3102209 | C39: Alvarenga | D39: Despesas Liquidadas | E39: 12 - Educação | F39: 2056646.8 | G39: 1432953.7 | H39: 0.98087407 | I39: 0 | J39: 0
A40: 2015 | B40: 3102209 | C40: Alvarenga | D40: Despesas Liquidadas | E40: 12.361 - Ensino Fundamental | F40: 1405547.1 | I40: 0 | J40: 1405547.1
A41: 2015 | B41: 3102209 | C41: Alvarenga | D41: Despesas Liquidadas | E41: 12.365 - Educação Infantil | F41: 27406.57 | I41: 0 | J41: 0
A42: 2015 | B42: 3102209 | C42: Alvarenga | D42: Despesas Liquidadas | E42: 12.999 - Demais Subfunções Educação | F42: 623693.13 | I42: 0 | J42: 0
A43: 2015 | B43: 3102852 | C43: Angelândia | D43: Despesas Liquidadas | E43: 12 - Educação | F43: 5859682.7 | G43: 5411471.2 | H43: 0.80489607 | I43: 0 | J43: 0
A44: 2015 | B44: 3102852 | C44: Angelândia | D44: Despesas Liquidadas | E44: 12.361 - Ensino Fundamental | F44: 4355671.9 | I44: 0 | J44: 4355671.9
A45: 2015 | B45: 3102852 | C45: Angelândia | D45: Despesas Liquidadas | E45: 12.365 - Educação Infantil | F45: 860525.51 | I45: 0 | J45: 0
A46: 2015 | B46: 3102852 | C46: Angelândia | D46: Despesas Liquidadas | E46: 12.366 - Educação de Jovens e Adultos | F46: 195273.79 | I46: 0 | J46: 0
A47: 2015 | B47: 3102852 | C47: Angelândia | D47: Despesas Liquidadas | E47: 12.999 - Demais Subfunções Educação | F47: 448211.48 | I47: 0 | J47: 0
A48: 2015 | B48: 3103405 | C48: Araçuaí | D48: Despesas Liquidadas | E48: 12 - Educação | F48: 12246876 | G48: 10932175 | H48: 0.5530448 | I48: 0 | J48: 0
A49: 2015 | B49: 3103405 | C49: Araçuaí | D49: Despesas Liquidadas | E49: 12.361 - Ensino Fundamental | F49: 6045982.8 | I49: 0 | J49: 6045982.8
A50: 2015 | B50: 3103405 | C50: Araçuaí | D50: Despesas Liquidadas | E50: 12.362 - Ensino Médio | F50: 185809.6 | I50: 0 | J50: 0
A51: 2015 | B51: 3103405 | C51: Araçuaí | D51: Despesas Liquidadas | E51: 12.363 - Ensino Profissional | F51: 120000 | I51: 0 | J51: 0
A52: 2015 | B52: 3103405 | C52: Araçuaí | D52: Despesas Liquidadas | E52: 12.364 - Ensino Superior | F52: 15732.79 | I52: 0 | J52: 0
A53: 2015 | B53: 3103405 | C53: Araçuaí | D53: Despesas Liquidadas | E53: 12.365 - Educação Infantil | F53: 4364742.5 | I53: 0 | J53: 0
A54: 2015 | B54: 3103405 | C54: Araçuaí | D54: Despesas Liquidadas | E54: 12.366 - Educação de Jovens e Adultos | F54: 79907.69 | I54: 0 | J54: 0
A55: 2015 | B55: 3103405 | C55: Araçuaí | D55: Despesas Liquidadas | E55: 12.367 - Educação Especial | F55: 120000 | I55: 0 | J55: 0
A56: 2015 | B56: 3103405 | C56: Araçuaí | D56: Despesas Liquidadas | E56: 12.999 - Demais Subfunções Educação | F56: 1314700.7 | I56: 0 | J56: 0
A57: 2015 | B57: 3104452 | C57: Aricanduva | D57: Despesas Liquidadas | E57: 12 - Educação | F57: 3212541 | G57: 2901015.3 | H57: 0.85171624 | I57: 0 | J57: 0
A58: 2015 | B58: 3104452 | C58: Aricanduva | D58: Despesas Liquidadas | E58: 12.361 - Ensino Fundamental | F58: 2470841.8 | I58: 0 | J58: 2470841.8
A59: 2015 | B59: 3104452 | C59: Aricanduva | D59: Despesas Liquidadas | E59: 12.365 - Educação Infantil | F59: 397188.99 | I59: 0 | J59: 0
A60: 2015 | B60: 3104452 | C60: Aricanduva | D60: Despesas Liquidadas | E60: 12.366 - Educação de Jovens e Adultos | F60: 16868.08 | I60: 0 | J60: 0
A61: 2015 | B61: 3104452 | C61: Aricanduva | D61: Despesas Liquidadas | E61: 12.367 - Educação Especial | F61: 16116.39 | I61: 0 | J61: 0
A62: 2015 | B62: 3104452 | C62: Aricanduva | D62: Despesas Liquidadas | E62: 12.999 - Demais Subfunções Educação | F62: 311525.74 | I62: 0 | J62: 0
A63: 2015 | B63: 3104502 | C63: Arinos | D63: Despesas Liquidadas | E63: 12 - Educação | F63: 12321264 | G63: 10854128 | H63: 0.99326761 | I63: 0 | J63: 0
A64: 2015 | B64: 3104502 | C64: Arinos | D64: Despesas Liquidadas | E64: 12.361 - Ensino Fundamental | F64: 10781053 | I64: 0 | J64: 10781053 | K64: =J64/F63 -> 0.87499573
A65: 2015 | B65: 3104502 | C65: Arinos | D65: Despesas Liquidadas | E65: 12.362 - Ensino Médio | F65: 33268.28 | I65: 0 | J65: 0
A66: 2015 | B66: 3104502 | C66: Arinos | D66: Despesas Liquidadas | E66: 12.365 - Educação Infantil | F66: 37088.71 | I66: 0 | J66: 0
A67: 2015 | B67: 3104502 | C67: Arinos | D67: Despesas Liquidadas | E67: 12.366 - Educação de Jovens e Adultos | F67: 2717.19 | I67: 0 | J67: 0
A68: 2015 | B68: 3104502 | C68: Arinos | D68: Despesas Liquidadas | E68: 12.999 - Demais Subfunções Educação | F68: 1467136.5 | I68: 0 | J68: 0
A69: 2015 | B69: 3104700 | C69: Ataléia | D69: Despesas Liquidadas | E69: 12 - Educação | F69: 7295924.2 | G69: 5529283.7 | H69: 0.87541671 | I69: 0 | J69: 0
A70: 2015 | B70: 3104700 | C70: Ataléia | D70: Despesas Liquidadas | E70: 12.361 - Ensino Fundamental | F70: 4840427.3 | I70: 0 | J70: 4840427.3
A71: 2015 | B71: 3104700 | C71: Ataléia | D71: Despesas Liquidadas | E71: 12.364 - Ensino Superior | F71: 13500 | I71: 0 | J71: 0
A72: 2015 | B72: 3104700 | C72: Ataléia | D72: Despesas Liquidadas | E72: 12.365 - Educação Infantil | F72: 675356.38 | I72: 0 | J72: 0
A73: 2015 | B73: 3104700 | C73: Ataléia | D73: Despesas Liquidadas | E73: 12.999 - Demais Subfunções Educação | F73: 1766640.4 | I73: 0 | J73: 0
A74: 2015 | B74: 3104809 | C74: Augusto de Lima | D74: Despesas Liquidadas | E74: 12 - Educação | F74: 3350876.1 | G74: 3137865.3 | H74: 0.78024618 | I74: 0 | J74: 0
A75: 2015 | B75: 3104809 | C75: Augusto de Lima | D75: Despesas Liquidadas | E75: 12.361 - Ensino Fundamental | F75: 2448307.4 | I75: 0 | J75: 2448307.4
A76: 2015 | B76: 3104809 | C76: Augusto de Lima | D76: Despesas Liquidadas | E76: 12.364 - Ensino Superior | F76: 47591.4 | I76: 0 | J76: 0
A77: 2015 | B77: 3104809 | C77: Augusto de Lima | D77: Despesas Liquidadas | E77: 12.365 - Educação Infantil | F77: 641966.48 | I77: 0 | J77: 0
A78: 2015 | B78: 3104809 | C78: Augusto de Lima | D78: Despesas Liquidadas | E78: 12.999 - Demais Subfunções Educação | F78: 213010.76 | I78: 0 | J78: 0
A79: 2015 | B79: 3105202 | C79: Bandeira | D79: Despesas Liquidadas | E79: 12 - Educação | F79: 3226193.8 | G79: 2854398.4 | H79: 0.91795369 | I79: 0 | J79: 0
A80: 2015 | B80: 3105202 | C80: Bandeira | D80: Despesas Liquidadas | E80: 12.361 - Ensino Fundamental | F80: 2620205.5 | I80: 0 | J80: 2620205.5
A81: 2015 | B81: 3105202 | C81: Bandeira | D81: Despesas Liquidadas | E81: 12.365 - Educação Infantil | F81: 171294.41 | I81: 0 | J81: 0
A82: 2015 | B82: 3105202 | C82: Bandeira | D82: Despesas Liquidadas | E82: 12.366 - Educação de Jovens e Adultos | F82: 62898.45 | I82: 0 | J82: 0
A83: 2015 | B83: 3105202 | C83: Bandeira | D83: Despesas Liquidadas | E83: 12.999 - Demais Subfunções Educação | F83: 371795.41 | I83: 0 | J83: 0
A84: 2015 | B84: 3106507 | C84: Berilo | D84: Despesas Liquidadas | E84: 12 - Educação | F84: 5981943.2 | G84: 5608701.3 | H84: 0.86777621 | I84: 0 | J84: 0
A85: 2015 | B85: 3106507 | C85: Berilo | D85: Despesas Liquidadas | E85: 12.361 - Ensino Fundamental | F85: 4867097.5 | I85: 0 | J85: 4867097.5
A86: 2015 | B86: 3106507 | C86: Berilo | D86: Despesas Liquidadas | E86: 12.365 - Educação Infantil | F86: 741603.75 | I86: 0 | J86: 0
A87: 2015 | B87: 3106507 | C87: Berilo | D87: Despesas Liquidadas | E87: 12.999 - Demais Subfunções Educação | F87: 373241.99 | I87: 0 | J87: 0
A88: 2015 | B88: 3106655 | C88: Berizal | D88: Despesas Liquidadas | E88: 12 - Educação | F88: 2884333.4 | G88: 2637577.5 | H88: 0.86458554 | I88: 0 | J88: 0
A89: 2015 | B89: 3106655 | C89: Berizal | D89: Despesas Liquidadas | E89: 12.361 - Ensino Fundamental | F89: 2280411.4 | I89: 0 | J89: 2280411.4
A90: 2015 | B90: 3106655 | C90: Berizal | D90: Despesas Liquidadas | E90: 12.365 - Educação Infantil | F90: 357166.15 | I90: 0 | J90: 0
A91: 2015 | B91: 3106655 | C91: Berizal | D91: Despesas Liquidadas | E91: 12.999 - Demais Subfunções Educação | F91: 246755.86 | I91: 0 | J91: 0
A92: 2015 | B92: 3106606 | C92: Bertópolis | D92: Despesas Liquidadas | E92: 12 - Educação | F92: 2191619.5 | G92: 2001247.6 | H92: 0.85993462 | I92: 0 | J92: 0
A93: 2015 | B93: 3106606 | C93: Bertópolis | D93: Despesas Liquidadas | E93: 12.361 - Ensino Fundamental | F93: 1720942.1 | I93: 0 | J93: 1720942.1
A94: 2015 | B94: 3106606 | C94: Bertópolis | D94: Despesas Liquidadas | E94: 12.365 - Educação Infantil | F94: 280265.5 | I94: 0 | J94: 0
A95: 2015 | B95: 3106606 | C95: Bertópolis | D95: Despesas Liquidadas | E95: 12.366 - Educação de Jovens e Adultos | F95: 40 | I95: 0 | J95: 0
A96: 2015 | B96: 3106606 | C96: Bertópolis | D96: Despesas Liquidadas | E96: 12.999 - Demais Subfunções Educação | F96: 190371.88 | I96: 0 | J96: 0
A97: 2015 | B97: 3107307 | C97: Bocaiúva | D97: Despesas Liquidadas | E97: 12 - Educação | F97: 19263958 | G97: 14938328 | H97: 0.81720257 | I97: 0 | J97: 0
A98: 2015 | B98: 3107307 | C98: Bocaiúva | D98: Despesas Liquidadas | E98: 12.361 - Ensino Fundamental | F98: 12207640 | I98: 0 | J98: 12207640
A99: 2015 | B99: 3107307 | C99: Bocaiúva | D99: Despesas Liquidadas | E99: 12.364 - Ensino Superior | F99: 7339.71 | I99: 0 | J99: 0
A100: 2015 | B100: 3107307 | C100: Bocaiúva | D100: Despesas Liquidadas | E100: 12.365 - Educação Infantil | F100: 2696967.4 | I100: 0 | J100: 0
...

Sheet INSE
A1: NU_ANO_SAEB | B1: CO_MUNICIPIO | C1: NO_MUNICIPIO | D1: MD_INSE_2019 | E1: MD_INSE_2021 | F1: MD_INSE_2023
A2: 2023 | B2: 3137007 | C2: Ladainha | D2: 3.922 | E2: 3.98 | F2: 4.6678
A3: 2023 | B3: 3136959 | C3: Juvenília | D3: 4.0868 | E3: 4.02 | F3: 4.3757
A4: 2023 | B4: 3136801 | C4: Juramento | D4: 4.639 | E4: 4.64 | F4: 4.6037
A5: 2023 | B5: 3136553 | C5: José Raydan | D5: 4.6672 | E5: 4.52 | F5: 4.8764
A6: 2023 | B6: 3136405 | C6: Joaquim Felício | D6: 4.5982 | E6: 4.85 | F6: 4.6604
A7: 2023 | B7: 3136009 | C7: Joaíma | D7: 4.2055 | E7: 4.36 | F7: 4.4576
A8: 2023 | B8: 3135803 | C8: Jequitinhonha | D8: 4.1399 | E8: 4.15 | F8: 4.3474
A9: 2023 | B9: 3135357 | C9: Japonvar | D9: 4.4538 | E9: 4.3 | F9: 4.5505
A10: 2023 | B10: 3135209 | C10: Januária | D10: 4.1958 | E10: 4.47 | F10: 4.1741
A11: 2023 | B11: 3135100 | C11: Janaúba | D11: 4.3945 | E11: 4.56 | F11: 4.6463
A12: 2023 | B12: 3135050 | C12: Jaíba | D12: 4.3168 | E12: 4.56 | F12: 4.6303
A13: 2023 | B13: 3134707 | C13: Jacinto | D13: 4.4632 | E13: 4.44 | F13: 4.5792
... A189: 2023 | B189: 3171907 | C189: Virgolândia | D189: 4.5768 | E189: 4.56 | F189: 4.7649

Sheet CENSO
A1: KEY | B1: ID | C1: NOM_MUN | D1: ANO | E1: ANOS INICIAIS | F1: ANOS FINAIS | G1: TOTAL
A2: =D2&B2 -> 20153100500 | B2: 3100500 | C2: Açucena | D2: 2015 | E2: 298 | F2: 222 | G2: =SUM(E2:F2) -> 520
A3: =D3&B3 -> 20153100609 | B3: 3100609 | C3: Água Boa | D3: 2015 | E3: 312 | F3: 0 | G3: =SUM(E3:F3) -> 312
A4: =D4&B4 -> 20153100906 | B4: 3100906 | C4: Águas Formosas | D4: 2015 | E4: 246 | F4: 169 | G4: =SUM(E4:F4) -> 415
A5: =D5&B5 -> 20153101003 | B5: 3101003 | C5: Águas Vermelhas | D5: 2015 | E5: 438 | F5: 0 | G5: =SUM(E5:F5) -> 438
A6: =D6&B6 -> 20153101102 | B6: 3101102 | C6: Aimorés | D6: 2015 | E6: 855 | F6: 459 | G6: =SUM(E6:F6) -> 1314
A7: =D7&B7 -> 20153101706 | B7: 3101706 | C7: Almenara | D7: 2015 | E7: 3042 | F7: 1037 | G7: =SUM(E7:F7) -> 4079
A8: =D8&B8 -> 20153101805 | B8: 3101805 | C8: Alpercata | D8: 2015 | E8: 534 | F8: 231 | G8: =SUM(E8:F8) -> 765
A9: =D9&B9 -> 20153102209 | B9: 3102209 | C9: Alvarenga | D9: 2015 | E9: 197 | F9: 0 | G9: =SUM(E9:F9) -> 197
A10: =D10&B10 -> 20153102852 | B10: 3102852 | C10: Angelândia | D10: 2015 | E10: 554 | F10: 0 | G10: =SUM(E10:F10) -> 554
A11: =D11&B11 -> 20153103405 | B11: 3103405 | C11: Araçuaí | D11: 2015 | E11: 796 | F11: 401 | G11: =SUM(E11:F11) -> 1197
A12: =D12&B12 -> 20153104452 | B12: 3104452 | C12: Aricanduva | D12: 2015 | E12: 277 | F12: 0 | G12: =SUM(E12:F12) -> 277
A13: =D13&B13 -> 20153104502 | B13: 3104502 | C13: Arinos | D13: 2015 | E13: 889 | F13: 266 | G13: =SUM(E13:F13) -> 1155
... A2651: =D2651&B2651 -> 20243171907 | B2651: 3171907 | C2651: Virgolândia | D2651: 2024 | E2651: 216 | F2651: 0 | G2651: =SUM(E2651:F2651) -> 216

Sheet MATRÍCULAS
A1: codigo_ibge | B1: NOM_MUNIC | C1: ano | D1: matriculas_anos_iniciais_urbana | E1: matriculas_anos_finais_urbana | F1: matriculas_anos_iniciais_rural | G1: matriculas_anos_finais_rural
A2: 3101003 | B2: =VLOOKUP(A2,[1]SAEB!$A:$B,2,0) -> Águas Vermelhas | C2: 2015 | D2: 358 | E2: 0 | F2: 80 | G2: 0
A3: 3101102 | B3: =VLOOKUP(A3,[1]SAEB!$A:$B,2,0) -> Aimorés | C3: 2015 | D3: 765 | E3: 459 | F3: 90 | G3: 0
A4: 3101706 | B4: =VLOOKUP(A4,[1]SAEB!$A:$B,2,0) -> Almenara | C4: 2015 | D4: 2445 | E4: 725 | F4: 597 | G4: 312
A5: 3101805 | B5: =VLOOKUP(A5,[1]SAEB!$A:$B,2,0) -> Alpercata | C5: 2015 | D5: 451 | E5: 231 | F5: 83 | G5: 0
A6: 3102852 | B6: =VLOOKUP(A6,[1]SAEB!$A:$B,2,0) -> Angelândia | C6: 2015 | F6: 554 | G6: 0
A7: 3103405 | B7: =VLOOKUP(A7,[1]SAEB!$A:$B,2,0) -> Araçuaí | C7: 2015 | D7: 314 | E7: 0 | F7: 482 | G7: 401
A8: 3104452 | B8: =VLOOKUP(A8,[1]SAEB!$A:$B,2,0) -> Aricanduva | C8: 2015 | D8: 211 | E8: 0 | F8: 66 | G8: 0
A9: 3104502 | B9: =VLOOKUP(A9,[1]SAEB!$A:$B,2,0) -> Arinos | C9: 2015 | D9: 448 | E9: 0 | F9: 441 | G9: 266
A10: 3104700 | B10: =VLOOKUP(A10,[1]SAEB!$A:$B,2,0) -> Ataléia | C10: 2015 | D10: 221 | E10: 60 | F10: 253 | G10: 0
A11: 3105202 | B11: =VLOOKUP(A11,[1]SAEB!$A:$B,2,0) -> Bandeira | C11: 2015 | D11: 0 | E11: 0 | F11: 358 | G11: 73
A12: 3106655 | B12: =VLOOKUP(A12,[1]SAEB!$A:$B,2,0) -> Berizal | C12: 2015 | D12: 249 | E12: 0 | F12: 29 | G12: 0
A13: 3107307 | B13: =VLOOKUP(A13,[1]SAEB!$A:$B,2,0) -> Bocaiúva | C13: 2015 | D13: 572 | E13: 472 | F13: 387 | G13: 235
A14: 3108206 | B14: =VLOOKUP(A14,[1]SAEB!$A:$B,2,0) -> Bonfinópolis de Minas | C14: 2015 | D14: 268 | E14: 208 | F14: 30 | G14: 0
A15: 3108602 | B15: =VLOOKUP(A15,[1]SAEB!$A:$B,2,0) -> Brasília de Minas | C15: 2015 | D15: 0 | E15: 186 | F15: 426 | G15: 250
A16: 3109204 | B16: =VLOOKUP(A16,[1]SAEB!$A:$B,2,0) -> Buenópolis | C16: 2015 | D16: 548 | E16: 0 | F16: 64 | G16: 0
A17: 3109402 | B17: =VLOOKUP(A17,[1]SAEB!$A:$B,2,0) -> Buritizeiro | C17: 2015 | D17: 987 | E17: 0 | F17: 196 | G17: 0
A18: 3102704 | B18: =VLOOKUP(A18,[1]SAEB!$A:$B,2,0) -> Cachoeira de Pajeú | C18: 2015 | D18: 296 | E18: 0 | F18: 411 | G18: 157
A19: 3110806 | B19: =VLOOKUP(A19,[1]SAEB!$A:$B,2,0) -> Campanário | C19: 2015 | D19: 296 | E19: 0
A20: 3111150 | B20: =VLOOKUP(A20,[1]SAEB!$A:$B,2,0) -> Campo Azul | C20: 2015 | D20: 208 | E20: 0 | F20: 95 | G20: 78
A21: 3112059 | B21: =VLOOKUP(A21,[1]SAEB!$A:$B,2,0) -> Cantagalo | C21: 2015 | D21: 281 | E21: 0 | F21: 85 | G21: 0
A22: 3112307 | B22: =VLOOKUP(A22,[1]SAEB!$A:$B,2,0) -> Capelinha | C22: 2015 | D22: 0 | E22: 0 | F22: 931 | G22: 0
A23: 3112703 | B23: =VLOOKUP(A23,[1]SAEB!$A:$B,2,0) -> Capitão Enéas | C23: 2015 | D23: 605 | E23: 384 | F23: 179 | G23: 82
A24: 3113008 | B24: =VLOOKUP(A24,[1]SAEB!$A:$B,2,0) -> Caraí | C24: 2015 | D24: 92 | E24: 217 | F24: 973 | G24: 442
A25: 3113503 | B25: =VLOOKUP(A25,[1]SAEB!$A:$B,2,0) -> Carbonita | C25: 2015 | D25: 264 | E25: 0 | F25: 127 | G25: 149
A26: 3113701 | B26: =VLOOKUP(A26,[1]SAEB!$A:$B,2,0) -> Carlos Chagas | C26: 2015 | D26: 908 | E26: 207 | F26: 414 | G26: 193
A27: 3113800 | B27: =VLOOKUP(A27,[1]SAEB!$A:$B,2,0) -> Carmésia | C27: 2015 | D27: 153 | E27: 164
A28: 3115458 | B28: =VLOOKUP(A28,[1]SAEB!$A:$B,2,0) -> Catuji | C28: 2015 | D28: 317 | E28: 0 | F28: 354 | G28: 0
A29: 3115474 | B29: =VLOOKUP(A29,[1]SAEB!$A:$B,2,0) -> Catuti | C29: 2015 | D29: 161 | E29: 0 | F29: 126 | G29: 107
A30: 3116100 | B30: =VLOOKUP(A30,[1]SAEB!$A:$B,2,0) -> Chapada do Norte | C30: 2015 | D30: 228 | E30: 0 | F30: 371 | G30: 0
A31: 3116159 | B31: =VLOOKUP(A31,[1]SAEB!$A:$B,2,0) -> Chapada Gaúcha | C31: 2015 | D31: 483 | E31: 108 | F31: 361 | G31: 321
A32: 3116506 | B32: =VLOOKUP(A32,[1]SAEB!$A:$B,2,0) -> Claro dos Poções | C32: 2015 | D32: 370 | E32: 0 | F32: 24 | G32: 21
A33: 3116803 | B33: =VLOOKUP(A33,[1]SAEB!$A:$B,2,0) -> Coluna | C33: 2015 | D33: 172 | E33: 0 | F33: 303 | G33: 0
A34: 3117009 | B34: =VLOOKUP(A34,[1]SAEB!$A:$B,2,0) -> Comercinho | C34: 2015 | D34: 302 | E34: 0 | F34: 255 | G34: 107
A35: 3118403 | B35: =VLOOKUP(A35,[1]SAEB!$A:$B,2,0) -> Conselheiro Pena | C35: 2015 | D35: 861 | E35: 105 | F35: 100 | G35: 64
A36: 3119104 | B36: =VLOOKUP(A36,[1]SAEB!$A:$B,2,0) -> Corinto | C36: 2015 | D36: 1520 | E36: 419 | F36: 12 | G36: 0
A37: 3119203 | B37: =VLOOKUP(A37,[1]SAEB!$A:$B,2,0) -> Coroaci | C37: 2015 | D37: 421 | E37: 85 | F37: 243 | G37: 198
A38: 3119500 | B38: =VLOOKUP(A38,[1]SAEB!$A:$B,2,0) -> Coronel Murta | C38: 2015 | D38: 477 | E38: 315 | F38: 55 | G38: 0
A39: 3120151 | B39: =VLOOKUP(A39,[1]SAEB!$A:$B,2,0) -> Crisólita | C39: 2015 | D39: 447 | E39: 217 | F39: 15 | G39: 0
... A48: 3123106 | B48: =VLOOKUP(A48,[1]SAEB!$A:$B,2,0) -> Dores de Guanhães | C48: 2015 | D48: 260 | E48: 0 | F48: 96 | G48: 0
A49: 3123700 | B49: =VLOOKUP(A49,[1]SAEB!$A:$B,2,0) -> Engenheiro Caldas | C49: 2015 | D49: 815 | E49: 200
A50: 3123809 | B50: =VLOOKUP(A50,[1]SAEB!$A:$B,2,0) -> Engenheiro Navarro | C50: 2015 | D50: 440 | E50: 0 | F50: 51 | G50: 0
A51: 3124302 | B51: =VLOOKUP(A51,[1]SAEB!$A:$B,2,0) -> Espinosa | C51: 2015 | D51: 463 | E51: 0 | F51: 628 | G51: 0
A52: 3125408 | B52: =VLOOKUP(A52,[1]SAEB!$A:$B,2,0) -> Felício dos Santos | C52: 2015 | D52: 0 | E52: 0 | F52: 351 | G52: 0
A53: 3125705 | B53: =VLOOKUP(A53,[1]SAEB!$A:$B,2,0) -> Felixlândia | C53: 2015 | D53: 764 | E53: 548 | F53: 78 | G53: 0
A54: 3126604 | B54: =VLOOKUP(A54,[1]SAEB!$A:$B,2,0) -> Francisco Dumont | C54: 2015 | D54: 318 | E54: 0 | F54: 62 | G54: 43
A55: 3126703 | B55: =VLOOKUP(A55,[1]SAEB!$A:$B,2,0) -> Francisco Sá | C55: 2015 | D55: 347 | E55: 156 | F55: 382 | G55: 104
A56: 3126901 | B56: =VLOOKUP(A56,[1]SAEB!$A:$B,2,0) -> Frei Inocêncio | C56: 2015 | D56: 314 | E56: 0 | F56: 91 | G56: 38
A57: 3127073 | B57: =VLOOKUP(A57,[1]SAEB!$A:$B,2,0) -> Fruta de Leite | C57: 2015 | D57: 0 | E57: 0 | F57: 334 | G57: 0
A58: 3127354 | B58: =VLOOKUP(A58,[1]SAEB!$A:$B,2,0) -> Glaucilândia | C58: 2015 | D58: 122 | E58: 0 | F58: 103 | G58: 0
A59: 3127503 | B59: =VLOOKUP(A59,[1]SAEB!$A:$B,2,0) -> Gonzaga | C59: 2015 | D59: 300 | E59: 0 | F59: 133 | G59: 0
A60: 3127602 | B60: =VLOOKUP(A60,[1]SAEB!$A:$B,2,0) -> Gouveia | C60: 2015 | D60: 329 | E60: 0 | F60: 111 | G60: 117
A61: 3127701 | B61: =VLOOKUP(A61,[1]SAEB!$A:$B,2,0) -> Governador Valadares | C61: 2015 | D61: 5967 | E61: 4269 | F61: 431 | G61: 322
... A87: 3136009 | B87: =VLOOKUP(A87,[1]SAEB!$A:$B,2,0) -> Joaíma | C87: 2015 | D87: 654 | E87: 398 | F87: 341 | G87: 157
A88: 3136405 | B88: =VLOOKUP(A88,[1]SAEB!$A:$B,2,0) -> Joaquim Felício | C88: 2015 | D88: 301 | E88: 266
A89: 3136553 | B89: =VLOOKUP(A89,[1]SAEB!$A:$B,2,0) -> José Raydan | C89: 2015 | D89: 177 | E89: 0 | F89: 145 | G89: 0
A90: 3136801 | B90: =VLOOKUP(A90,[1]SAEB!$A:$B,2,0) -> Juramento | C90: 2015 | D90: 249 | E90: 0 | F90: 65 | G90: 0
A91: 3136959 | B91: =VLOOKUP(A91,[1]SAEB!$A:$B,2,0) -> Juvenília | C91: 2015 | D91: 341 | E91: 164 | F91: 64 | G91: 28
A92: 3137007 | B92: =VLOOKUP(A92,[1]SAEB!$A:$B,2,0) -> Ladainha | C92: 2015 | D92: 0 | E92: 0 | F92: 858 | G92: 242
A93: 3137304 | B93: =VLOOKUP(A93,[1]SAEB!$A:$B,2,0) -> Lagoa dos Patos | C93: 2015 | D93: 315 | E93: 0 | F93: 18 | G93: 0
A94: 3138104 | B94: =VLOOKUP(A94,[1]SAEB!$A:$B,2,0) -> Lassance | C94: 2015 | D94: 217 | E94: 0 | F94: 182 | G94: 127
A95: 3138351 | B95: =VLOOKUP(A95,[1]SAEB!$A:$B,2,0) -> Leme do Prado | C95: 2015 | D95: 19 | E95: 0 | F95: 96 | G95: 103
A96: 3138658 | B96: =VLOOKUP(A96,[1]SAEB!$A:$B,2,0) -> Lontra | C96: 2015 | D96: 302 | E96: 287 | F96: 39 | G96: 0
A97: 3138906 | B97: =VLOOKUP(A97,[1]SAEB!$A:$B,2,0) -> Machacalis | C97: 2015 | D97: 418 | E97: 0 | F97: 50 | G97: 0
A98: 3139201 | B98: =VLOOKUP(A98,[1]SAEB!$A:$B,2,0) -> Malacacheta | C98: 2015 | D98: 151 | E98: 0 | F98: 306 | G98: 162
A99: 3139250 | B99: =VLOOKUP(A99,[1]SAEB!$A:$B,2,0) -> Mamonas | C99: 2015 | D99: 307 | E99: 0 | F99: 71 | G99: 0
A100: 3139300 | B100: =VLOOKUP(A100,[1]SAEB!$A:$B,2,0) -> Manga | C100: 2015 | D100: 790 | E100: 397 | F100: 366 | G100: 254
A101: 3139607 | B101: =VLOOKUP(A101,[1]SAEB!$A:$B,2,0) -> Mantena | C101: 2015 | D101: 1693 | E101: 669 | F101: 106 | G101: 81
A102: 3140100 | B102: =VLOOKUP(A102,[1]SAEB!$A:$B,2,0) -> Marilac | C102: 2015 | D102: 336 | E102: 0
A103: 3140605 | B103: =VLOOKUP(A103,[1]SAEB!$A:$B,2,0) -> Materlândia | C103: 2015 | D103: 234 | E103: 0 | F103: 136 | G103: 70
A104: 3171501 | B104: =VLOOKUP(A104,[1]SAEB!$A:$B,2,0) -> Mathias Lobato | C104: 2015 | D104: 331 | E104: 43
A105: 3140852 | B105: =VLOOKUP(A105,[1]SAEB!$A:$B,2,0) -> Matias Cardoso | C105: 2015 | D105: 521 | E105: 243 | F105: 83 | G105: 0
A106: 3141009 | B106: =VLOOKUP(A106,[1]SAEB!$A:$B,2,0) -> Mato Verde | C106: 2015 | D106: 320 | E106: 0 | F106: 141 | G106: 0
A107: 3141405 | B107: =VLOOKUP(A107,[1]SAEB!$A:$B,2,0) -> Medina | C107: 2015 | D107: 574 | E107: 0 | F107: 286 | G107: 0
A108: 3141504 | B108: =VLOOKUP(A108,[1]SAEB!$A:$B,2,0) -> Mendes Pimentel | C108: 2015 | D108: 238 | E108: 0 | F108: 116 | G108: 0
A109: 3141801 | B109: =VLOOKUP(A109,[1]SAEB!$A:$B,2,0) -> Minas Novas | C109: 2015 | D109: 287 | E109: 338 | F109: 681 | G109: 151
A110: 3142007 | B110: =VLOOKUP(A110,[1]SAEB!$A:$B,2,0) -> Mirabela | C110: 2015 | D110: 456 | E110: 0 | F110: 129 | G110: 116
A111: 3142254 | B111: =VLOOKUP(A111,[1]SAEB!$A:$B,2,0) -> Miravânia | C111: 2015 | D111: 0 | E111: 0 | F111: 183 | G111: 230
A112: 3142502 | B112: =VLOOKUP(A112,[1]SAEB!$A:$B,2,0) -> Monjolos | C112: 2015 | D112: 110 | E112: 123 | F112: 13 | G112: 0
A113: 3142700 | B113: =VLOOKUP(A113,[1]SAEB!$A:$B,2,0) -> Montalvânia | C113: 2015 | D113: 180 | E113: 97 | F113: 240 | G113: 41
A114: 3143153 | B114: =VLOOKUP(A114,[1]SAEB!$A:$B,2,0) -> Monte Formoso | C114: 2015 | D114: 0 | E114: 0 | F114: 471 | G114: 0
A115: 3143302 | B115: =VLOOKUP(A115,[1]SAEB!$A:$B,2,0) -> Montes Claros | C115: 2015 | D115: 9933 | E115: 5682 | F115: 1241 | G115: 1489
A116: 3143450 | B116: =VLOOKUP(A116,[1]SAEB!$A:$B,2,0) -> Montezuma | C116: 2015 | D116: 203 | E116: 0 | F116: 202 | G116: 0
... A120: 3144300 | B120: =VLOOKUP(A120,[1]SAEB!$A:$B,2,0) -> Nanuque | C120: 2015 | D120: 608 | E120: 387 | F120: 169 | G120: 113
A121: 3144359 | B121: =VLOOKUP(A121,[1]SAEB!$A:$B,2,0) -> Naque | C121: 2015 | D121: 484 | E121: 0
A122: 3144375 | B122: =VLOOKUP(A122,[1]SAEB!$A:$B,2,0) -> Natalândia | C122: 2015 | D122: 303 | E122: 0
A123: 3144656 | B123: =VLOOKUP(A123,[1]SAEB!$A:$B,2,0) -> Ninheira | C123: 2015 | D123: 304 | E123: 0 | F123: 346 | G123: 0
A124: 3144672 | B124: =VLOOKUP(A124,[1]SAEB!$A:$B,2,0) -> Nova Belém | C124: 2015 | D124: 154 | E124: 3 | F124: 120 | G124: 0
A125: 3145059 | B125: =VLOOKUP(A125,[1]SAEB!$A:$B,2,0) -> Nova Porteirinha | C125: 2015 | D125: 190 | E125: 110 | F125: 166 | G125: 0
A126: 3145356 | B126: =VLOOKUP(A126,[1]SAEB!$A:$B,2,0) -> Novo Oriente de Minas | C126: 2015 | D126: 186 | E126: 0 | F126: 335 | G126: 125
A127: 3145372 | B127: =VLOOKUP(A127,[1]SAEB!$A:$B,2,0) -> Novorizonte | C127: 2015 | D127: 0 | E127: 0 | F127: 321 | G127: 113
A128: 3145455 | B128: =VLOOKUP(A128,[1]SAEB!$A:$B,2,0) -> Olhos-d'Água | C128: 2015 | D128: 363 | E128: 0 | F128: 113 | G128: 1
A129: 3146305 | B129: =VLOOKUP(A129,[1]SAEB!$A:$B,2,0) -> Padre Paraíso | C129: 2015 | D129: 400 | E129: 0 | F129: 549 | G129: 568
A130: 3146552 | B130: =VLOOKUP(A130,[1]SAEB!$A:$B,2,0) -> Pai Pedro | C130: 2015 | D130: 304 | E130: 0 | F130: 181 | G130: 212
A131: 3146750 | B131: =VLOOKUP(A131,[1]SAEB!$A:$B,2,0) -> Palmópolis | C131: 2015 | D131: 375 | E131: 48 | F131: 46 | G131: 0
A132: 3147956 | B132: =VLOOKUP(A132,[1]SAEB!$A:$B,2,0) -> Patis | C132: 2015 | D132: 172 | E132: 137 | F132: 112 | G132: 120
A133: 3148608 | B133: =VLOOKUP(A133,[1]SAEB!$A:$B,2,0) -> Peçanha | C133: 2015 | D133: 0 | E133: 0 | F133: 488 | G133: 282
A134: 3148707 | B134: =VLOOKUP(A134,[1]SAEB!$A:$B,2,0) -> Pedra Azul | C134: 2015 | D134: 1395 | E134: 170 | F134: 163 | G134: 0
... A137: 3150570 | B137: =VLOOKUP(A137,[1]SAEB!$A:$B,2,0) -> Pintópolis | C137: 2015 | D137: 407 | E137: 0 | F137: 285 | G137: 0
A138: 3151206 | B138: =VLOOKUP(A138,[1]SAEB!$A:$B,2,0) -> Pirapora | C138: 2015 | D138: 2864 | E138: 49
...

Sheet IPCA
A1: ANO | B1: IPCA
A2: 2015 | B2: 4493.17
A3: 2016 | B3: 4775.7
A4: 2017 | B4: 4916.46
A5: 2018 | B5: 5100.61
A6: 2019 | B6: 5320.25
A7: 2020 | B7: 5560.59
A8: 2021 | B8: 6120.04
A9: 2022 | B9: 6474.09
A10: 2023 | B10: 6773.27
A11: 2024 | B11: 7100.5

Sheet TDI
A1: Ano | B1: Código do Município | C1: Nome do Município | D1: Localização | E1: TDI
A2: 2019 | B2: 3101003 | C2: Águas Vermelhas | D2: Total | E2: 1.8
A3: 2019 | B3: 3101003 | C3: Águas Vermelhas | D3: Urbana | E3: 1.4
A4: 2019 | B4: 3101003 | C4: Águas Vermelhas | D4: Rural | E4: 3.8
A5: 2019 | B5: 3101102 | C5: Aimorés | D5: Total | E5: 2.8
A6: 2019 | B6: 3101102 | C6: Aimorés | D6: Urbana | E6: 2.8
A7: 2019 | B7: 3101102 | C7: Aimorés | D7: Rural | E7: 2
A8: 2019 | B8: 3101706 | C8: Almenara | D8: Total | E8: 12.3
A9: 2019 | B9: 3101706 | C9: Almenara | D9: Urbana | E9: 11.9
A10: 2019 | B10: 3101706 | C10: Almenara | D10: Rural | E10: 14.7
A11: 2019 | B11: 3101805 | C11: Alpercata | D11: Total | E11: 6
A12: 2019 | B12: 3101805 | C12: Alpercata | D12: Urbana | E12: 5
A13: 2019 | B13: 3101805 | C13: Alpercata | D13: Rural | E13: 11
... A44: 2019 | B44: 3108602 | C44: Brasília de Minas | D44: Total | E44: 0.6
A45: 2019 | B45: 3108602 | C45: Brasília de Minas | D45: Urbana | E45: --
A46: 2019 | B46: 3108602 | C46: Brasília de Minas | D46: Rural | E46: 0.6
A47: 2019 | B47: 3109204 | C47: Buenópolis | D47: Total | E47: 1.6
A48: 2019 | B48: 3109204 | C48: Buenópolis | D48: Urbana | E48: 1.5
A49: 2019 | B49: 3109204 | C49: Buenópolis | D49: Rural | E49: 2.3
A50: 2019 | B50: 3109402 | C50: Buritizeiro | D50: Total | E50: 2
A51: 2019 | B51: 3109402 | C51: Buritizeiro | D51: Urbana | E51: 2
A52: 2019 | B52: 3109402 | C52: Buritizeiro | D52: Rural | E52: 1.7
A53: 2019 | B53: 3110806 | C53: Campanário | D53: Total | E53: 14
A54: 2019 | B54: 3110806 | C54: Campanário | D54: Urbana | E54: 14
A55: 2019 | B55: 3111150 | C55: Campo Azul | D55: Total | E55: 2.7
A56: 2019 | B56: 3111150 | C56: Campo Azul | D56: Urbana | E56: 1.7
A57: 2019 | B57: 3111150 | C57: Campo Azul | D57: Rural | E57: 4.8
... A581: 2021 | B581: 3108602 | C581: Brasília de Minas | D581: Total | E581: 0
A582: 2021 | B582: 3108602 | C582: Brasília de Minas | D582: Urbana | E582: --
A583: 2021 | B583: 3108602 | C583: Brasília de Minas | D583: Rural | E583: 0
A584: 2021 | B584: 3109204 | C584: Buenópolis | D584: Total | E584: 2.7
A585: 2021 | B585: 3109204 | C585: Buenópolis | D585: Urbana | E585: 2.5
A586: 2021 | B586: 3109204 | C586: Buenópolis | D586: Rural | E586: 5
A587: 2021 | B587: 3109402 | C587: Buritizeiro | D587: Total | E587: 1.8
A588: 2021 | B588: 3109402 | C588: Buritizeiro | D588: Urbana | E588: 1.9
A589: 2021 | B589: 3109402 | C589: Buritizeiro | D589: Rural | E589: 0.9
A590: 2021 | B590: 3110806 | C590: Campanário | D590: Total | E590: 8.3
A591: 2021 | B591: 3110806 | C591: Campanário | D591: Urbana | E591: 8.3
A592: 2021 | B592: 3111150 | C592: Campo Azul | D592: Total | E592: 0.8
A593: 2021 | B593: 3111150 | C593: Campo Azul | D593: Urbana | E593: 0
A594: 2021 | B594: 3111150 | C594: Campo Azul | D594: Rural | E594: 2.1
... A1609: 2023 | B1609: 3171907 | C1609: Virgolândia | D1609: Urbana | E1609: 0.4
